province,city,county,省,市,县!按照格式添加.这行不要改动.中文间的逗号不能全角！
Anhui,Anqing,Anqing,安徽省,安庆市,安庆
Anhui,Anqing,Huaining
Anhui,Anqing,Qianshan
Anhui,Anqing,Susong
Anhui,Anqing,Taihu
Anhui,Anqing,Tongcheng
Anhui,Anqing,Wangjiang
Anhui,Anqing,Yuexi
Anhui,Anqing,Zongyang
Anhui,Bengbu,Bengbu
Anhui,Bengbu,Guzhen
Anhui,Bengbu,Huaiyuan
Anhui,Bengbu,Wuhe
Anhui,Bozhou,Boxian
Anhui,Bozhou,Guoyang
Anhui,Bozhou,Lixin
Anhui,Bozhou,Mengcheng
Anhui,Chaohu,Chao
Anhui,Chaohu,Hanshan
Anhui,Chaohu,He
Anhui,Chaohu,Lujiang
Anhui,Chaohu,Wuwei
Anhui,Chizhou,Dongzhi
Anhui,Chizhou,Guichi
Anhui,Chizhou,Qingyang
Anhui,Chizhou,Shitai
Anhui,Chuzhou,Chuxian
Anhui,Chuzhou,Dingyuan
Anhui,Chuzhou,Fengyang
Anhui,Chuzhou,Jiashan
Anhui,Chuzhou,Lai'an
Anhui,Chuzhou,Quanjiao
Anhui,Chuzhou,Tianchang
Anhui,Fuyang,Funan
Anhui,Fuyang,Fuyang
Anhui,Fuyang,Jieshou
Anhui,Fuyang,Linquan
Anhui,Fuyang,Taihe
Anhui,Fuyang,Yaohai
Anhui,Hefei,Changfeng
Anhui,Hefei,Feidong
Anhui,Hefei,Feixi
Anhui,Hefei,Hefei
Anhui,Huaibei,Huaibei
Anhui,Huaibei,Suixi
Anhui,Huainan,Fengtai
Anhui,Huainan,Huainan
Anhui,Huangshan,Qimen
Anhui,Huangshan,She
Anhui,Huangshan,Taiping
Anhui,Huangshan,Tunxi
Anhui,Huangshan,Xiuning
Anhui,Huangshan,Yi
Anhui,Lu'an,Huoqiu
Anhui,Lu'an,Huoshan
Anhui,Lu'an,Jinzhai
Anhui,Lu'an,Lu An
Anhui,Lu'an,Shou
Anhui,Lu'an,Shucheng
Anhui,Ma'anshan,Dangtu
Anhui,Ma'anshan,Maanshan
Anhui,Suzhou,Dangshan
Anhui,Suzhou,Lingbi
Anhui,Suzhou,Si
Anhui,Suzhou,Xiao
Anhui,Suzhou,Yongqiao
Anhui,Tongling,Tongling
Anhui,Wuhu,Fanchang
Anhui,Wuhu,Nanling
Anhui,Wuhu,Wuhu
Anhui,Xuancheng,Guangde
Anhui,Xuancheng,Jingde
Anhui,Xuancheng,Jing
Anhui,Xuancheng,Jixi
Anhui,Xuancheng,Langxi
Anhui,Xuancheng,Ningguo
Anhui,Xuancheng,Xuanzhou
Beijing,Beijing,Beijing
Beijing,Beijing,Changping
Beijing,Beijing,Daxing
Beijing,Beijing,Fangshan
Beijing,Beijing,Huairou
Beijing,Beijing,Mentougou
Beijing,Beijing,Miyun
Beijing,Beijing,Pinggu
Beijing,Beijing,Shunyi
Beijing,Beijing,Tongzhou
Beijing,Beijing,Yanqing
Chongqing,Chongqing,Ba
Chongqing,Chongqing,Bishan
Chongqing,Chongqing,Changshou
Chongqing,Chongqing,Chengkou
Chongqing,Chongqing,Chongqing
Chongqing,Chongqing,Dazu
Chongqing,Chongqing,Dianjiang
Chongqing,Chongqing,Fengdu
Chongqing,Chongqing,Fengjie
Chongqing,Chongqing,Fuling
Chongqing,Chongqing,Hechuan
Chongqing,Chongqing,Jiangbei
Chongqing,Chongqing,Jiangjin
Chongqing,Chongqing,Kai
Chongqing,Chongqing,Liangping
Chongqing,Chongqing,Nanchuan
Chongqing,Chongqing,Pengshui
Chongqing,Chongqing,Qianjiang
Chongqing,Chongqing,Qijiang
Chongqing,Chongqing,Rongchang
Chongqing,Chongqing,Shizhu
Chongqing,Chongqing,Tongliang
Chongqing,Chongqing,Tongnan
Chongqing,Chongqing,Wan
Chongqing,Chongqing,Wulong
Chongqing,Chongqing,Wushan
Chongqing,Chongqing,Wuxi
Chongqing,Chongqing,Xiushan
Chongqing,Chongqing,Yongchuan
Chongqing,Chongqing,Youyang
Chongqing,Chongqing,Yunyang
Chongqing,Chongqing,Zhong
Fujian,Fuzhou,Changle
Fujian,Fuzhou,Fuqing
Fujian,Fuzhou,Fuzhou
Fujian,Fuzhou,Lianjiang
Fujian,Fuzhou,Luoyuan
Fujian,Fuzhou,Minhou
Fujian,Fuzhou,Minqing
Fujian,Fuzhou,Yongtai
Fujian,Longyan,Changting
Fujian,Longyan,Liancheng
Fujian,Longyan,Luojiang
Fujian,Longyan,Shanghang
Fujian,Longyan,Wuping
Fujian,Longyan,Yongding
Fujian,Longyan,Zhangping
Fujian,Nanping,Chongan
Fujian,Nanping,Guangze
Fujian,Nanping,Jian'ou
Fujian,Nanping,Jianyang
Fujian,Nanping,Nanping
Fujian,Nanping,Pucheng
Fujian,Nanping,Shaowu
Fujian,Nanping,Shunchang
Fujian,Nanping,Songxi
Fujian,Nanping,Zhenghe
Fujian,Ningde,Fu'an
Fujian,Ningde,Fuding
Fujian,Ningde,Gutian
Fujian,Ningde,Jiaocheng
Fujian,Ningde,Pingnan
Fujian,Ningde,Shouning
Fujian,Ningde,Xiapu
Fujian,Ningde,Zherong
Fujian,Ningde,Zhouning
Fujian,Putian,Putian County
Fujian,Putian,Putian
Fujian,Putian,Xianyou
Fujian,Quanzhou,Anxi
Fujian,Quanzhou,Dehua
Fujian,Quanzhou,Hui'an
Fujian,Quanzhou,Jinjiang
Fujian,Quanzhou,Nan'an
Fujian,Quanzhou,Sanyuan
Fujian,Quanzhou,Shishi
Fujian,Quanzhou,Yongchun
Fujian,Sanming,Datian
Fujian,Sanming,Jiangle
Fujian,Sanming,Jianning
Fujian,Sanming,Mingxi
Fujian,Sanming,Ninghua
Fujian,Sanming,Qingliu
Fujian,Sanming,Shanming
Fujian,Sanming,Sha
Fujian,Sanming,Taining
Fujian,Sanming,Yong'an
Fujian,Sanming,Youxi
Fujian,Xiamen,Tong'an
Fujian,Xiamen,Xiamen
Fujian,Zhangzhou,Changtai
Fujian,Zhangzhou,Dongshan
Fujian,Zhangzhou,Hua'an
Fujian,Zhangzhou,Longhai
Fujian,Zhangzhou,Nanjing
Fujian,Zhangzhou,Pinghe
Fujian,Zhangzhou,Zhangpu
Fujian,Zhangzhou,Zhangzhou
Fujian,Zhangzhou,Zhao'an
Gansu,Baiyin,Baiyin
Gansu,Baiyin,Huining
Gansu,Baiyin,Jingtai
Gansu,Baiyin,Jingyuan
Gansu,Baiyin,Pingchuan
Gansu,Dingxi,Dingxi
Gansu,Dingxi,Lintao
Gansu,Dingxi,Longxi
Gansu,Dingxi,Min
Gansu,Dingxi,Tongwei
Gansu,Dingxi,Weiyuan
Gansu,Dingxi,Zhang
Gansu,Gannan Tibetan,Jon锚
Gansu,Gannan Tibetan,Lintan
Gansu,Gannan Tibetan,Luqu
Gansu,Gannan Tibetan,Maqu
Gansu,Gannan Tibetan,T锚wo
Gansu,Gannan Tibetan,Xiahe
Gansu,Gannan Tibetan,Zhugqu
Gansu,Jiayuguan,Jiayuguan
Gansu,Jinchang,Jinchuan
Gansu,Jinchang,Yongchang
Gansu,Jiuquan,Aksai Kazakh
Gansu,Jiuquan,Anxi
Gansu,Jiuquan,Dunhuang
Gansu,Jiuquan,Jinta
Gansu,Jiuquan,Subei Mongol
Gansu,Jiuquan,Suzhou
Gansu,Jiuquan,Yumen
Gansu,Lanzhou,Gaolan
Gansu,Lanzhou,Liangzhou
Gansu,Lanzhou,Yongdeng
Gansu,Lanzhou,Yuzhong
Gansu,Linxia Hui,Dongxiang
Gansu,Linxia Hui,Guanghe
Gansu,Linxia Hui,Hezheng
Gansu,Linxia Hui,"Jishishan Bonan, Dongxiang and Salar"
Gansu,Linxia Hui,Kangle
Gansu,Linxia Hui,Linxia Shi
Gansu,Linxia Hui,Linxia
Gansu,Linxia Hui,Yongjing
Gansu,Longnan,Cheng
Gansu,Longnan,Dangchang
Gansu,Longnan,Hui
Gansu,Longnan,Kang
Gansu,Longnan,Liangdang
Gansu,Longnan,Li
Gansu,Longnan,Wen
Gansu,Longnan,Wudu
Gansu,Longnan,Xihe
Gansu,Pingliang,Chongxin
Gansu,Pingliang,Huating
Gansu,Pingliang,Jingchuan
Gansu,Pingliang,Jingning
Gansu,Pingliang,Lingtai
Gansu,Pingliang,Pingliang
Gansu,Pingliang,Zhuanglang
Gansu,Qingyang,Hezheng
Gansu,Qingyang,Huachi
Gansu,Qingyang,Huan
Gansu,Qingyang,Ning
Gansu,Qingyang,Qingyang
Gansu,Qingyang,Xifeng
Gansu,Qingyang,Zhengning
Gansu,Qingyang,Zhenyuan
Gansu,Tianshui,Gangu
Gansu,Tianshui,Qin'an
Gansu,Tianshui,Qingcheng
Gansu,Tianshui,Tianshui
Gansu,Tianshui,Wushan
Gansu,Tianshui,Zhangjiachuan Hui
Gansu,Wuwei,Heshui
Gansu,Wuwei,Minqin
Gansu,Wuwei,Tianzhu Tibetan
Gansu,Wuwei,Wuwei
Gansu,Zhangye,Gaotai
Gansu,Zhangye,Linze
Gansu,Zhangye,Minle
Gansu,Zhangye,Shandan
Gansu,Zhangye,Sunan Yugur
Gansu,Zhangye,Zhangye
Guangdong,Chaozhou,Chaonan
Guangdong,Chaozhou,Chaozhou
Guangdong,Chaozhou,Raoping
Guangdong,Dongguan,Dongyuan
Guangdong,Foshan,Futian
Guangdong,Foshan,Gaoming
Guangdong,Foshan,Nanhai
Guangdong,Foshan,Sanshui
Guangdong,Foshan,Shunde
Guangdong,Guangzhou,Conghua
Guangdong,Guangzhou,Guangzhou
Guangdong,Guangzhou,Huaxian
Guangdong,Guangzhou,Nansha
Guangdong,Guangzhou,Panyu
Guangdong,Guangzhou,Zengcheng
Guangdong,Heyuan,Dongyuan
Guangdong,Heyuan,Heping
Guangdong,Heyuan,Lianping
Guangdong,Heyuan,Lungchuan
Guangdong,Heyuan,Yuancheng
Guangdong,Heyuan,Zijin
Guangdong,Huizhou,Boluo
Guangdong,Huizhou,Huidong
Guangdong,Huizhou,Huiyang
Guangdong,Huizhou,Huizhou
Guangdong,Huizhou,Longmen
Guangdong,Jiangmen,Enping
Guangdong,Jiangmen,Heshan
Guangdong,Jiangmen,Jiangmen
Guangdong,Jiangmen,Kaiping
Guangdong,Jiangmen,Taishan
Guangdong,Jiangmen,Xinhui
Guangdong,Jieyang,Huilai
Guangdong,Jieyang,Jiedong
Guangdong,Jieyang,Jiexi
Guangdong,Jieyang,Puning
Guangdong,Jieyang,Rongcheng
Guangdong,Maoming,Dianbai
Guangdong,Maoming,Gaozhou
Guangdong,Maoming,Huazhou
Guangdong,Maoming,Maoming
Guangdong,Maoming,Xinyi
Guangdong,Meizhou,Dapu
Guangdong,Meizhou,Fengshun
Guangdong,Meizhou,Jiaoling
Guangdong,Meizhou,Mei
Guangdong,Meizhou,Meizhou
Guangdong,Meizhou,Pingyuan
Guangdong,Meizhou,Wuhua
Guangdong,Meizhou,Xingning
Guangdong,Qingyuan,Fogang
Guangdong,Qingyuan,Liannan Yao
Guangdong,Qingyuan,Lianshan Zhuang and Yao
Guangdong,Qingyuan,Lianzhou
Guangdong,Qingyuan,Qingcheng
Guangdong,Qingyuan,Qingxin
Guangdong,Qingyuan,Yangshan
Guangdong,Qingyuan,Yingde
Guangdong,Shantou,Chaoyang
Guangdong,Shantou,Chenghai
Guangdong,Shantou,Shantou
Guangdong,Shanwei,Haifeng
Guangdong,Shanwei,Lufeng
Guangdong,Shanwei,Luhe
Guangdong,Shanwei,Shanwei
Guangdong,Shaoguan,Lechang
Guangdong,Shaoguan,Nanxiong
Guangdong,Shaoguan,Qujiang
Guangdong,Shaoguan,Renhua
Guangdong,Shaoguan,Ruyuan Yao
Guangdong,Shaoguan,Shaoguan
Guangdong,Shaoguan,Shixing
Guangdong,Shaoguan,Wengyuan
Guangdong,Shaoguan,Xinfeng
Guangdong,Shenzhen,Bao'an
Guangdong,Shenzhen,Shenzhen
Guangdong,Yangjiang,Yangchun
Guangdong,Yangjiang,Yangdong
Guangdong,Yangjiang,Yangjiang
Guangdong,Yangjiang,Yangxi
Guangdong,Yunfu,Luoding
Guangdong,Yunfu,Xinxing
Guangdong,Yunfu,Yun'an
Guangdong,Yunfu,Yunan
Guangdong,Yunfu,Yuncheng
Guangdong,Zhanjiang,Leizhou
Guangdong,Zhanjiang,Lianjiang
Guangdong,Zhanjiang,Suixi
Guangdong,Zhanjiang,Wuchuan
Guangdong,Zhanjiang,Xuwen
Guangdong,Zhanjiang,Zhenjiang
Guangdong,Zhaoqing,Deqing
Guangdong,Zhaoqing,Fengkai
Guangdong,Zhaoqing,Gaoyao
Guangdong,Zhaoqing,Guangning
Guangdong,Zhaoqing,Huaiji
Guangdong,Zhaoqing,Sihui
Guangdong,Zhaoqing,Zhaoqing
Guangdong,Zhongshan,Zhongshan
Guangdong,Zhuhai,Doumen
Guangdong,Zhuhai,Zhuhai
Guangxi,Baise,Baise
Guangxi,Baise,Debao
Guangxi,Baise,Jingxi
Guangxi,Baise,Leye
Guangxi,Baise,Lingyun
Guangxi,Baise,Longlin Various Nationalities
Guangxi,Baise,Napo
Guangxi,Baise,Pingguo
Guangxi,Baise,Tiandong
Guangxi,Baise,Tianlin
Guangxi,Baise,Tianyang
Guangxi,Baise,Xilin
Guangxi,Beihai,Beihai
Guangxi,Beihai,Hepu
Guangxi,Chongzuo,Changzhou
Guangxi,Chongzuo,Daxin
Guangxi,Chongzuo,Fusui
Guangxi,Chongzuo,Longzhou
Guangxi,Chongzuo,Ningming
Guangxi,Chongzuo,Pingxiang
Guangxi,Chongzuo,Tiandeng
Guangxi,Fangchenggang,Fangcheng
Guangxi,Fangchenggang,Shangsi
Guangxi,Guigang,Guiping
Guangxi,Guigang,Gui
Guangxi,Guigang,Pingnan
Guangxi,Guilin,Gongcheng Yao
Guangxi,Guilin,Guanyang
Guangxi,Guilin,Guilin
Guangxi,Guilin,Lingchuan
Guangxi,Guilin,Lingui
Guangxi,Guilin,Lipu
Guangxi,Guilin,Longsheng Various Nationalities
Guangxi,Guilin,Pingle
Guangxi,Guilin,Quanzhou
Guangxi,Guilin,Xing鈥檃n
Guangxi,Guilin,Yangshuo
Guangxi,Guilin,Yongfu
Guangxi,Guilin,Ziyuan
Guangxi,Hechi,Bama Yao
Guangxi,Hechi,"Dahua Yao 	"
Guangxi,Hechi,Donglan
Guangxi,Hechi,Du鈥檃n Yao
Guangxi,Hechi,Fengshan
Guangxi,Hechi,Hechi
Guangxi,Hechi,Huanjiang Maonan
Guangxi,Hechi,Luocheng Mulao
Guangxi,Hechi,Nandan
Guangxi,Hechi,Tian'e
Guangxi,Hechi,Yanshan
Guangxi,Hezhou,Fuchuan Yao
Guangxi,Hezhou,He
Guangxi,Hezhou,Zhaoping
Guangxi,Hezhou,Zhongshan
Guangxi,Laibin,Heshan
Guangxi,Laibin,Jinxiu Yao
Guangxi,Laibin,Laibin
Guangxi,Laibin,Wuxuan
Guangxi,Laibin,Xiangzhou
Guangxi,Laibin,Xincheng
Guangxi,Liuzhou,Liucheng
Guangxi,Liuzhou,Liujiang
Guangxi,Liuzhou,Liuzhou
Guangxi,Liuzhou,Luzhai
Guangxi,Liuzhou,Rong'an
Guangxi,Liuzhou,Rongshui Miao
Guangxi,Liuzhou,Sanjiang Dong
Guangxi,Nanning,Binyang
Guangxi,Nanning,Heng
Guangxi,Nanning,Long'an
Guangxi,Nanning,Mashan
Guangxi,Nanning,Nanning
Guangxi,Nanning,Shanglin
Guangxi,Nanning,Wuming
Guangxi,Nanning,Yongning
Guangxi,Qinzhou,Lingshan
Guangxi,Qinzhou,Pubei
Guangxi,Qinzhou,Qinzhou
Guangxi,Wuzhou,Cangwu
Guangxi,Wuzhou,Cenxi
Guangxi,Wuzhou,Mengshan
Guangxi,Wuzhou,Teng
Guangxi,Wuzhou,Wuzhou
Guangxi,Yulin,Beiliu
Guangxi,Yulin,Bobai
Guangxi,Yulin,Luchuan
Guangxi,Yulin,Rong
Guangxi,Yulin,Yufeng
Guizhou,Anshun,Anshun
Guizhou,Anshun,Guanling Buyei and Miao
Guizhou,Anshun,Pingba
Guizhou,Anshun,Puding
Guizhou,Anshun,Zhenning Buyei and Miao
Guizhou,Anshun,Ziyun Miao and Buyei
Guizhou,Bijie,Bijie
Guizhou,Bijie,Dafang
Guizhou,Bijie,Hezhang
Guizhou,Bijie,Jinsha
Guizhou,Bijie,Nayong
Guizhou,Bijie,Qianxi
Guizhou,Bijie,"Weining Yi, Hui and Miao"
Guizhou,Bijie,Zhijin
Guizhou,Guiyang,Guiyang
Guizhou,Guiyang,Kaiyang
Guizhou,Guiyang,Qingzhen
Guizhou,Guiyang,Xifeng
Guizhou,Guiyang,Xiuwen
Guizhou,Liupanshui,Liuzhi
Guizhou,Liupanshui,Pan
Guizhou,Liupanshui,Shuicheng
Guizhou,Liupanshui,Zhongshan
Guizhou,Qiandongnan Miao and Dong,Cengong
Guizhou,Qiandongnan Miao and Dong,Congjiang
Guizhou,Qiandongnan Miao and Dong,Danzhai
Guizhou,Qiandongnan Miao and Dong,Huangping
Guizhou,Qiandongnan Miao and Dong,Jianhe
Guizhou,Qiandongnan Miao and Dong,Jinping
Guizhou,Qiandongnan Miao and Dong,Kaili
Guizhou,Qiandongnan Miao and Dong,Leishan
Guizhou,Qiandongnan Miao and Dong,Liping
Guizhou,Qiandongnan Miao and Dong,Majiang
Guizhou,Qiandongnan Miao and Dong,Rongjiang
Guizhou,Qiandongnan Miao and Dong,Sansui
Guizhou,Qiandongnan Miao and Dong,Shibing
Guizhou,Qiandongnan Miao and Dong,Taijiang
Guizhou,Qiandongnan Miao and Dong,Tianzhu
Guizhou,Qiandongnan Miao and Dong,Zhenyuan
Guizhou,Qiannan Buyei and Miao,Changshun
Guizhou,Qiannan Buyei and Miao,Dushan
Guizhou,Qiannan Buyei and Miao,Duyun
Guizhou,Qiannan Buyei and Miao,Fuquan
Guizhou,Qiannan Buyei and Miao,Guiding
Guizhou,Qiannan Buyei and Miao,Huaxi
Guizhou,Qiannan Buyei and Miao,Libo
Guizhou,Qiannan Buyei and Miao,Longli
Guizhou,Qiannan Buyei and Miao,Luodian
Guizhou,Qiannan Buyei and Miao,Pingtang
Guizhou,Qiannan Buyei and Miao,Sandu Shui
Guizhou,Qiannan Buyei and Miao,Weng'an
Guizhou,Qianxinan Buyei and Miao,Anlong
Guizhou,Qianxinan Buyei and Miao,Ceheng
Guizhou,Qianxinan Buyei and Miao,Pu'an
Guizhou,Qianxinan Buyei and Miao,Qinglong
Guizhou,Qianxinan Buyei and Miao,Wangmo
Guizhou,Qianxinan Buyei and Miao,Xingren
Guizhou,Qianxinan Buyei and Miao,Xingyi
Guizhou,Qianxinan Buyei and Miao,Zhenfeng
Guizhou,Tongren,Dejiang
Guizhou,Tongren,Jiangkou
Guizhou,Tongren,Shiqian
Guizhou,Tongren,Sinan
Guizhou,Tongren,Songtao Miao
Guizhou,Tongren,Tongren
Guizhou,Tongren,Wanshan Special
Guizhou,Tongren,Yanhe Tujia
Guizhou,Tongren,Yinjiang Tujia and Miao
Guizhou,Tongren,Yuping Dong
Guizhou,Zunyi,Chishui
Guizhou,Zunyi,Daozhen Gelao and Miao
Guizhou,Zunyi,Fenggang
Guizhou,Zunyi,Meitan
Guizhou,Zunyi,Renhuai
Guizhou,Zunyi,Suiyang
Guizhou,Zunyi,Tongzi
Guizhou,Zunyi,Wuchuan Gelao and Miao
Guizhou,Zunyi,Xishui
Guizhou,Zunyi,Yuqing
Guizhou,Zunyi,Zheng'an
Guizhou,Zunyi,Zunyi Sh矛
Guizhou,Zunyi,Zunyi Xi脿n
Hainan,Haikou,Haikou
Hainan,Haikou,Qiongshan
Hainan,Hainan,Baisha Li
Hainan,Hainan,Baoting Li
Hainan,Hainan,Changjiang Li
Hainan,Hainan,Chengmai
Hainan,Hainan,Danzhou
Hainan,Hainan,Ding An
Hainan,Hainan,Dongfang
Hainan,Hainan,Ledong Li
Hainan,Hainan,Lingao
Hainan,Hainan,Lingshui Li
Hainan,Hainan,Qionghai
Hainan,Hainan,Qiongzhong Li and Miao
Hainan,Hainan,Tunchang
Hainan,Hainan,Wanning
Hainan,Hainan,Wenchang
Hainan,Sanya,Sanya
Hebei,Baoding,Anguo
Hebei,Baoding,Anxin
Hebei,Baoding,Baoding
Hebei,Baoding,Boye
Hebei,Baoding,Ding
Hebei,Baoding,Dingxing
Hebei,Baoding,Fuping
Hebei,Baoding,Gaoyang
Hebei,Baoding,Laishui
Hebei,Baoding,Laiyuan
Hebei,Baoding,Li
Hebei,Baoding,Mancheng
Hebei,Baoding,Qing Yuan
Hebei,Baoding,Quyang
Hebei,Baoding,Rongcheng
Hebei,Baoding,Tang
Hebei,Baoding,Wangdu
Hebei,Baoding,Wan
Hebei,Baoding,Xincheng
Hebei,Baoding,Xiong
Hebei,Baoding,Xushui
Hebei,Baoding,Yi
Hebei,Baoding,Zhuo
Hebei,Cangzhou,Cang
Hebei,Cangzhou,Cangzhou
Hebei,Cangzhou,Dongguang
Hebei,Cangzhou,Haixing
Hebei,Cangzhou,Hejian
Hebei,Cangzhou,Huanghua
Hebei,Cangzhou,Jiaohe
Hebei,Cangzhou,Mengcun Hui
Hebei,Cangzhou,Nanpi
Hebei,Cangzhou,Qing
Hebei,Cangzhou,Renqiu
Hebei,Cangzhou,Suning
Hebei,Cangzhou,Wuqiao
Hebei,Cangzhou,Xian
Hebei,Cangzhou,Yanshan
Hebei,Chengde,Chengde Sh矛
Hebei,Chengde,Chengde Xi脿n
Hebei,Chengde,Fengning Manchu
Hebei,Chengde,Kuancheng Manchu
Hebei,Chengde,Longhua
Hebei,Chengde,Luanping
Hebei,Chengde,Pingquan
Hebei,Chengde,Weichang Manchu and Mongol
Hebei,Chengde,Xinglong
Hebei,Chengde,Yingshouyingzikuang
Hebei,Handan,Cheng'an
Hebei,Handan,Ci
Hebei,Handan,Daming
Hebei,Handan,Feixiang
Hebei,Handan,Fengfengkuang
Hebei,Handan,Guangping
Hebei,Handan,Guantao
Hebei,Handan,Handan sh矛
Hebei,Handan,Handan Xi脿n
Hebei,Handan,Jize
Hebei,Handan,Linzhang
Hebei,Handan,Qiu
Hebei,Handan,Quzhou
Hebei,Handan,She
Hebei,Handan,Wei
Hebei,Handan,Wu'an
Hebei,Handan,Yongnian
Hebei,Hengshui,Anping
Hebei,Hengshui,Fucheng
Hebei,Hengshui,Gucheng
Hebei,Hengshui,Hengshui
Hebei,Hengshui,Jing
Hebei,Hengshui,Ji
Hebei,Hengshui,Raoyang
Hebei,Hengshui,Shen
Hebei,Hengshui,Wuqiang
Hebei,Hengshui,Wuyi
Hebei,Hengshui,Zaoqiang
Hebei,Langfang,Ba
Hebei,Langfang,Dachang Hui
Hebei,Langfang,Daicheng
Hebei,Langfang,Gu'an
Hebei,Langfang,Longfang
Hebei,Langfang,Sanhe
Hebei,Langfang,Wen'an
Hebei,Langfang,Xianghe
Hebei,Langfang,Yongqing
Hebei,Qinhuangdao,Changli
Hebei,Qinhuangdao,Funing
Hebei,Qinhuangdao,Lulong
Hebei,Qinhuangdao,Qinglong
Hebei,Qinhuangdao,Qinhuangdao
Hebei,Shijiazhuang,Gaocheng
Hebei,Shijiazhuang,Gaoyi
Hebei,Shijiazhuang,Huelu
Hebei,Shijiazhuang,Jingjing
Hebei,Shijiazhuang,Ji
Hebei,Shijiazhuang,Lingshou
Hebei,Shijiazhuang,Luancheng
Hebei,Shijiazhuang,Pingshan
Hebei,Shijiazhuang,Shenze
Hebei,Shijiazhuang,Shijiazhuang
Hebei,Shijiazhuang,Shulu
Hebei,Shijiazhuang,Wuji
Hebei,Shijiazhuang,Xingtang
Hebei,Shijiazhuang,Xinle
Hebei,Shijiazhuang,Yuanshi
Hebei,Shijiazhuang,Zanhuang
Hebei,Shijiazhuang,Zhao
Hebei,Shijiazhuang,Zhengding
Hebei,Tangshan,Fengnan
Hebei,Tangshan,Fengrun
Hebei,Tangshan,Leting
Hebei,Tangshan,Luannan
Hebei,Tangshan,Luan
Hebei,Tangshan,Qian'an
Hebei,Tangshan,Qianxi
Hebei,Tangshan,Tanghai
Hebei,Tangshan,Tangshan
Hebei,Tangshan,Yutian
Hebei,Tangshan,Zunhua
Hebei,Xingtai,Baixiang
Hebei,Xingtai,Guangzong
Hebei,Xingtai,Julu
Hebei,Xingtai,Lincheng
Hebei,Xingtai,Linxi
Hebei,Xingtai,Longyao
Hebei,Xingtai,Nangong
Hebei,Xingtai,Nanhe
Hebei,Xingtai,Neiqiu
Hebei,Xingtai,Ningjin
Hebei,Xingtai,Pingxiang
Hebei,Xingtai,Qinghe
Hebei,Xingtai,Ren
Hebei,Xingtai,Shahe
Hebei,Xingtai,Wei
Hebei,Xingtai,Xingtai sh矛
Hebei,Xingtai,Xingtai Xi脿n
Hebei,Xingtai,Xinhe
Hebei,Zhangjiakou,Chicheng
Hebei,Zhangjiakou,Chongli
Hebei,Zhangjiakou,Guyuan
Hebei,Zhangjiakou,Huai'an
Hebei,Zhangjiakou,Huailai
Hebei,Zhangjiakou,Kangbao
Hebei,Zhangjiakou,Shangyi
Hebei,Zhangjiakou,Wanquan
Hebei,Zhangjiakou,Xuanhua
Hebei,Zhangjiakou,Yangyuan
Hebei,Zhangjiakou,Yu
Hebei,Zhangjiakou,Zhangbei
Hebei,Zhangjiakou,Zhangjiakou
Hebei,Zhangjiakou,Zhuolu
Heilongjiang,Daqing,Daqina
Heilongjiang,Daqing,Dorbod Mongol
Heilongjiang,Daqing,Lindian
Heilongjiang,Daqing,Zhaoyuan
Heilongjiang,Daqing,Zhaozhou
Heilongjiang,Daxing'anling,Huma
Heilongjiang,Daxing'anling,Huzhong
Heilongjiang,Daxing'anling,Mohe,黑龙江省,大兴安岭,漠河
Heilongjiang,Daxing'anling,Tahe
Heilongjiang,Daxing'anling,Xinlin
Heilongjiang,Harbin,Acheng
Heilongjiang,Harbin,Bayan
Heilongjiang,Harbin,Bin
Heilongjiang,Harbin,Fangzheng
Heilongjiang,Harbin,Harbin
Heilongjiang,Harbin,Hulan
Heilongjiang,Harbin,Mulan
Heilongjiang,Harbin,Shangzhi
Heilongjiang,Harbin,Shuangcheng
Heilongjiang,Harbin,Tonghe
Heilongjiang,Harbin,Wuchang
Heilongjiang,Harbin,Yanshou
Heilongjiang,Harbin,Yilan
Heilongjiang,Hegang,Hegang sh矛
Heilongjiang,Hegang,Hegang
Heilongjiang,Hegang,Luobei
Heilongjiang,Hegang,Suibin
Heilongjiang,Heihe,Bei'an
Heilongjiang,Heihe,Dedu
Heilongjiang,Heihe,Heihe
Heilongjiang,Heihe,Nenjiang
Heilongjiang,Heihe,Sunwu
Heilongjiang,Heihe,Wudalianchi
Heilongjiang,Heihe,Xunke
Heilongjiang,Jiamusi,Fujin
Heilongjiang,Jiamusi,Fuyuan
Heilongjiang,Jiamusi,Huachuan
Heilongjiang,Jiamusi,Huanan
Heilongjiang,Jiamusi,Jiamusi
Heilongjiang,Jiamusi,Tangyuan
Heilongjiang,Jiamusi,Tongjiang
Heilongjiang,Jixi,Hulin
Heilongjiang,Jixi,Jidong
Heilongjiang,Jixi,Jixi
Heilongjiang,Jixi,Mishan
Heilongjiang,Mudanjiang,Dongning
Heilongjiang,Mudanjiang,Hailin
Heilongjiang,Mudanjiang,Linkou
Heilongjiang,Mudanjiang,Mudanjiang
Heilongjiang,Mudanjiang,Muling
Heilongjiang,Mudanjiang,Ning'an
Heilongjiang,Mudanjiang,Suifenhe
Heilongjiang,Qiqihar,Baiquan
Heilongjiang,Qiqihar,Fuyu
Heilongjiang,Qiqihar,Gannan
Heilongjiang,Qiqihar,Kedong
Heilongjiang,Qiqihar,Keshan
Heilongjiang,Qiqihar,Longjiang
Heilongjiang,Qiqihar,Nehe
Heilongjiang,Qiqihar,Nianzishan
Heilongjiang,Qiqihar,Qiqihar
Heilongjiang,Qiqihar,Tailai
Heilongjiang,Qiqihar,Yi'an
Heilongjiang,Qitaihe,Boli
Heilongjiang,Qitaihe,Qitaihe
Heilongjiang,Shuangyashan,Baoqing
Heilongjiang,Shuangyashan,Jixian
Heilongjiang,Shuangyashan,Raohe
Heilongjiang,Shuangyashan,Shuangyashan
Heilongjiang,Shuangyashan,Youyi
Heilongjiang,Suihua,Anda
Heilongjiang,Suihua,Hailun
Heilongjiang,Suihua,Lanxi
Heilongjiang,Suihua,Mingshui
Heilongjiang,Suihua,Qing'an
Heilongjiang,Suihua,Qinggang
Heilongjiang,Suihua,Suihua
Heilongjiang,Suihua,Suileng
Heilongjiang,Suihua,Wangkui
Heilongjiang,Suihua,Zhaodong
Heilongjiang,Yichun,Cuiluan
Heilongjiang,Yichun,Jiayin
Heilongjiang,Yichun,Tieli
Heilongjiang,Yichun,Wuyiling
Heilongjiang,Yichun,Yichun
Henan,Anyang,Anyang Sh矛
Henan,Anyang,Anyang Xi脿n
Henan,Anyang,Hua
Henan,Anyang,Lin
Henan,Anyang,Neihuang
Henan,Anyang,Tangyin
Henan,Hebi,Hebi
Henan,Hebi,Qi
Henan,Hebi,Xun
Henan,Jiaozuo,Bo'ai
Henan,Jiaozuo,Jiaozuo
Henan,Jiaozuo,Meng
Henan,Jiaozuo,Qinyang
Henan,Jiaozuo,Wen
Henan,Jiaozuo,Wuzhi
Henan,Jiaozuo,Xiuwu
Henan,Jiyuan shi,Jiyuan
Henan,Kaifeng,Kaifeng Xi脿n
Henan,Kaifeng,Kaifeng
Henan,Kaifeng,Lankao
Henan,Kaifeng,Qi
Henan,Kaifeng,Tongxu
Henan,Kaifeng,Weishi
Henan,Luohe,Linying
Henan,Luohe,Luohe
Henan,Luohe,Wuyang
Henan,Luohe,Yancheng
Henan,Luoyang,Luanchuan
Henan,Luoyang,Luoning
Henan,Luoyang,Luoyang
Henan,Luoyang,Mengjin
Henan,Luoyang,Ruyang
Henan,Luoyang,Song
Henan,Luoyang,Xin'an
Henan,Luoyang,Yanshi
Henan,Luoyang,Yichuan
Henan,Luoyang,Yiyang
Henan,Nanyang,Deng
Henan,Nanyang,Fangcheng
Henan,Nanyang,Nanyang Sh矛
Henan,Nanyang,Nanyang Xi脿n
Henan,Nanyang,Nanzhao
Henan,Nanyang,Neixiang
Henan,Nanyang,Sheqi
Henan,Nanyang,Tanghe
Henan,Nanyang,Tongbai
Henan,Nanyang,Xichuan
Henan,Nanyang,Xinye
Henan,Nanyang,Xixia
Henan,Nanyang,Zhenping
Henan,Pingdingshan,Baofeng
Henan,Pingdingshan,Jia
Henan,Pingdingshan,Linru
Henan,Pingdingshan,Lushan
Henan,Pingdingshan,Pingdingshan
Henan,Pingdingshan,Wugang
Henan,Pingdingshan,Ye
Henan,Puyang,Fanxian
Henan,Puyang,Nanle
Henan,Puyang,Puyang Sh矛
Henan,Puyang,Puyang Xi脿n
Henan,Puyang,Qingfeng
Henan,Puyang,Taiqian
Henan,Sanmenxia,Lingbao
Henan,Sanmenxia,Lushi
Henan,Sanmenxia,Mianchi
Henan,Sanmenxia,Sanmenxia
Henan,Sanmenxia,Shan
Henan,Sanmenxia,Yima
Henan,Shangqiu,Minquan
Henan,Shangqiu,Ningling
Henan,Shangqiu,Shangqiu Sh矛
Henan,Shangqiu,Sui
Henan,Shangqiu,Suiyang
Henan,Shangqiu,Xiayi
Henan,Shangqiu,Yongcheng
Henan,Shangqiu,Yucheng
Henan,Shangqiu,Zhecheng
Henan,Xinxiang,Changyuan
Henan,Xinxiang,Fengqiu
Henan,Xinxiang,Houjia
Henan,Xinxiang,Huixian
Henan,Xinxiang,Ji
Henan,Xinxiang,Xinxiang Sh矛
Henan,Xinxiang,Xinxiang Xi脿n
Henan,Xinxiang,Yanjin
Henan,Xinxiang,Yuanyang
Henan,Xinyang,Guangshan
Henan,Xinyang,Gushi
Henan,Xinyang,Huaibin
Henan,Xinyang,Huangchuan
Henan,Xinyang,Luoshan
Henan,Xinyang,Shancheng
Henan,Xinyang,Xinxian
Henan,Xinyang,Xinyang Sh矛
Henan,Xinyang,Xinyang Xi脿n
Henan,Xinyang,Xi
Henan,Xuchang,Changge
Henan,Xuchang,Xiangcheng
Henan,Xuchang,Xuchang Sh矛
Henan,Xuchang,Xuchang Xi脿n
Henan,Xuchang,Yanling
Henan,Xuchang,Yu
Henan,Zhengzhou,Dengfeng
Henan,Zhengzhou,Gong
Henan,Zhengzhou,Mi
Henan,Zhengzhou,Xingyang
Henan,Zhengzhou,Xinzheng
Henan,Zhengzhou,Zhengzhou
Henan,Zhengzhou,Zhongmou
Henan,Zhoukou,Dancheng
Henan,Zhoukou,Fugou
Henan,Zhoukou,Huaiyang
Henan,Zhoukou,Luyi
Henan,Zhoukou,Shangshui
Henan,Zhoukou,Shenqiu
Henan,Zhoukou,Taikang
Henan,Zhoukou,Xiangcheng
Henan,Zhoukou,Xihua
Henan,Zhoukou,Zhoukou
Henan,Zhumadian,Biyang
Henan,Zhumadian,Pingyu
Henan,Zhumadian,Queshan
Henan,Zhumadian,Runan
Henan,Zhumadian,Shangcai
Henan,Zhumadian,Suiping
Henan,Zhumadian,Xincai
Henan,Zhumadian,Xiping
Henan,Zhumadian,Zhengyang
Henan,Zhumadian,Zhumadian
Hubei,Enshi Tujia and Miao,Badong
Hubei,Enshi Tujia and Miao,Enshi Tujia and Miao
Hubei,Enshi Tujia and Miao,Hefeng
Hubei,Enshi Tujia and Miao,Jianshi
Hubei,Enshi Tujia and Miao,Laifeng
Hubei,Enshi Tujia and Miao,Lichuan
Hubei,Enshi Tujia and Miao,Xianfeng
Hubei,Enshi Tujia and Miao,Xuan En
Hubei,Ezhou,Echeng Q奴
Hubei,Ezhou,Echeng Sh矛
Hubei,Huanggang,Guangji
Hubei,Huanggang,Hong'an
Hubei,Huanggang,Huanggang
Hubei,Huanggang,Huangmei
Hubei,Huanggang,Luotian
Hubei,Huanggang,Macheng
Hubei,Huanggang,Qichun
Hubei,Huanggang,Xishui
Hubei,Huanggang,Yingshan
Hubei,Huangshi,Daye
Hubei,Huangshi,Huangshi
Hubei,Huangshi,Yangxin
Hubei,Jingmen,Jingmen
Hubei,Jingmen,Jingshan
Hubei,Jingmen,Shayang
Hubei,Jingmen,Zhongxiang
Hubei,Jingzhou,Gong'an
Hubei,Jingzhou,Honghu
Hubei,Jingzhou,Jiangling
Hubei,Jingzhou,Jianli
Hubei,Jingzhou,Jingzhou
Hubei,Jingzhou,Shashi
Hubei,Jingzhou,Shishou
Hubei,Jingzhou,Songzi
Hubei,Qianjiang,Qianjiang
Hubei,Shennongjia,Shennongjia
Hubei,Shiyan,Fang
Hubei,Shiyan,Junxian
Hubei,Shiyan,Shiyan
Hubei,Shiyan,Yun
Hubei,Shiyan,Yunxi
Hubei,Shiyan,Zhushan
Hubei,Shiyan,Zhuxi
Hubei,Suizhou Shi,Suizhou
Hubei,Suizhou Shi,Yingshan
Hubei,Tianmen,Tianmen
Hubei,Wuhan,Hanyang
Hubei,Wuhan,Huangpi
Hubei,Wuhan,Wuchang
Hubei,Wuhan,Wuhan
Hubei,Wuhan,Xinzhou
Hubei,Xiangfan,Baokang
Hubei,Xiangfan,Gucheng
Hubei,Xiangfan,Laohekou
Hubei,Xiangfan,Nanzhang
Hubei,Xiangfan,Xiangfan
Hubei,Xiangfan,Xiangyang
Hubei,Xiangfan,Yicheng
Hubei,Xiangfan,Zaoyang
Hubei,Xianning,Chongyang
Hubei,Xianning,Jiayu
Hubei,Xianning,Puqi
Hubei,Xianning,Tongcheng
Hubei,Xianning,Tongshan
Hubei,Xianning,Xianning
Hubei,Xiantao,Mianyang
Hubei,Xiaogan,Anlu
Hubei,Xiaogan,Dawu
Hubei,Xiaogan,Hanchuan
Hubei,Xiaogan,Xiaochang
Hubei,Xiaogan,Xiaogan
Hubei,Xiaogan,Yingcheng
Hubei,Xiaogan,Yunmeng
Hubei,Yichang,Changyang Tujia
Hubei,Yichang,Dangyang
Hubei,Yichang,Wufeng Tujia
Hubei,Yichang,Xingshan
Hubei,Yichang,Yichang
Hubei,Yichang,Yidu
Hubei,Yichang,Yiling
Hubei,Yichang,Yuan'an
Hubei,Yichang,Zhijiang
Hubei,Yichang,Zigui
Hunan,Changde,Anxiang
Hunan,Changde,Dingcheng
Hunan,Changde,Hanshou
Hunan,Changde,Jinshi
Hunan,Changde,Linli
Hunan,Changde,Li
Hunan,Changde,Shimen
Hunan,Changde,Taoyuan
Hunan,Changde,Wuling
Hunan,Changsha,Changsha Sh矛
Hunan,Changsha,Changsha Xi脿n
Hunan,Changsha,Liuyang
Hunan,Changsha,Ningxiang
Hunan,Changsha,Wangcheng
Hunan,Chenzhou,Anren
Hunan,Chenzhou,Chen
Hunan,Chenzhou,Chenzhou
Hunan,Chenzhou,Guidong
Hunan,Chenzhou,Guiyang
Hunan,Chenzhou,Jiahe
Hunan,Chenzhou,Linwu
Hunan,Chenzhou,Rucheng
Hunan,Chenzhou,Yizhang
Hunan,Chenzhou,Yongxing
Hunan,Chenzhou,Zixing
Hunan,Hengyang,Changning
Hunan,Hengyang,Hengdong
Hunan,Hengyang,Hengnan
Hunan,Hengyang,Hengshan
Hunan,Hengyang,Hengyang Sh矛
Hunan,Hengyang,Hengyang Xi脿n
Hunan,Hengyang,Laiyang
Hunan,Hengyang,Qidong
Hunan,Huaihua,Chenxi
Hunan,Huaihua,H贸ngji膩ng Q奴
Hunan,Huaihua,H贸ngji膩ng Sh矛
Hunan,Huaihua,Huaihua
Hunan,Huaihua,Huitong
Hunan,Huaihua,Jing
Hunan,Huaihua,Mayang Miao
Hunan,Huaihua,Tongdao Dong
Hunan,Huaihua,Xinhuang Dong Dongzu
Hunan,Huaihua,Xupu
Hunan,Huaihua,Yuanling
Hunan,Huaihua,Zhijiang Dong Dongzu
Hunan,Loudi,Lengshuijang
Hunan,Loudi,Lianyuan
Hunan,Loudi,Loudi
Hunan,Loudi,Shuangfeng
Hunan,Loudi,Xinhua
Hunan,Shaoyang,Chengbu Miao
Hunan,Shaoyang,Daxiang
Hunan,Shaoyang,Dongkou
Hunan,Shaoyang,Longhui
Hunan,Shaoyang,Shaodong
Hunan,Shaoyang,Shaoyang Sh矛
Hunan,Shaoyang,Shaoyang Xi脿n
Hunan,Shaoyang,Suining
Hunan,Shaoyang,Wugang
Hunan,Shaoyang,Xinning
Hunan,Shaoyang,Xinshao
Hunan,Xiangtan,Shaoshan
Hunan,Xiangtan,Xiangtan Sh矛
Hunan,Xiangtan,Xiangtan Xi脿n
Hunan,Xiangtan,Xiangxiang
Hunan,Xiangxi Tujia and Miao,Baojing
Hunan,Xiangxi Tujia and Miao,Fenghuang
Hunan,Xiangxi Tujia and Miao,Guzhang
Hunan,Xiangxi Tujia and Miao,Huayuan
Hunan,Xiangxi Tujia and Miao,Jishou
Hunan,Xiangxi Tujia and Miao,Longshan
Hunan,Xiangxi Tujia and Miao,Luxi
Hunan,Xiangxi Tujia and Miao,Yongshun
Hunan,Yiyang,Anhua
Hunan,Yiyang,Nan
Hunan,Yiyang,Taojiang
Hunan,Yiyang,Yiyang Sh矛
Hunan,Yiyang,Yiyang Xi脿n
Hunan,Yiyang,Yuanjiang
Hunan,Yongzhou,Dao
Hunan,Yongzhou,Jianghua Yao
Hunan,Yongzhou,Jiangyong
Hunan,Yongzhou,Lanshan
Hunan,Yongzhou,Lengshuitan
Hunan,Yongzhou,Lingling
Hunan,Yongzhou,Ningyuan
Hunan,Yongzhou,Qiyang
Hunan,Yongzhou,Shuangpai
Hunan,Yongzhou,Xintian
Hunan,Yueyang,Huarong
Hunan,Yueyang,Linxiang
Hunan,Yueyang,Miluo
Hunan,Yueyang,Pingjiang
Hunan,Yueyang,Xiangyin
Hunan,Yueyang,Yueyang Q奴
Hunan,Yueyang,Yueyang Xi脿n
Hunan,Zhangjiajie,Cili
Hunan,Zhangjiajie,Dayong
Hunan,Zhangjiajie,Sangzhi
Hunan,Zhuzhou,Chaling
Hunan,Zhuzhou,Liling
Hunan,Zhuzhou,Ling
Hunan,Zhuzhou,Youxian
Hunan,Zhuzhou,Zhuzhou Q奴
Hunan,Zhuzhou,Zhuzhou Xi脿n
Jiangsu,Changzhou,Changzhou
Jiangsu,Changzhou,Jintan
Jiangsu,Changzhou,Liyang
Jiangsu,Changzhou,Wujin
Jiangsu,Huai'an,Hongze
Jiangsu,Huai'an,Huaian
Jiangsu,Huai'an,Huaiyin
Jiangsu,Huai'an,Jinhu
Jiangsu,Huai'an,Lianshui
Jiangsu,Huai'an,Qingjiang
Jiangsu,Huai'an,Xuyi
Jiangsu,Lianyungang,Donghai
Jiangsu,Lianyungang,Ganyu
Jiangsu,Lianyungang,Guannan
Jiangsu,Lianyungang,Guanyun
Jiangsu,Lianyungang,Lianyungang
Jiangsu,Nanjing,Gaochun
Jiangsu,Nanjing,Jiangning
Jiangsu,Nanjing,Jiangpu
Jiangsu,Nanjing,Lishui
Jiangsu,Nanjing,Luhe,江苏省,南京市,六合
Jiangsu,Nanjing,Nanjing
Jiangsu,Nantong,Hai'an
Jiangsu,Nantong,Haimen
Jiangsu,Nantong,Nantong
Jiangsu,Nantong,Qidong
Jiangsu,Nantong,Rudong
Jiangsu,Nantong,Rugao
Jiangsu,Nantong,Tongzhou
Jiangsu,Suqian,Shuyang
Jiangsu,Suqian,Sihong
Jiangsu,Suqian,Siyang
Jiangsu,Suqian,Suqian
Jiangsu,Suqian,Suyu
Jiangsu,Suzhou,Changshu
Jiangsu,Suzhou,Kunshan
Jiangsu,Suzhou,Shazhou
Jiangsu,Suzhou,Suzhou
Jiangsu,Suzhou,Taicang
Jiangsu,Suzhou,Wujiang
Jiangsu,Suzhou,Wuxian
Jiangsu,Taizhou,Jiangyan
Jiangsu,Taizhou,Jingjiang
Jiangsu,Taizhou,Taixing
Jiangsu,Taizhou,Taizhou
Jiangsu,Taizhou,Xinghua
Jiangsu,Wuxi,Jiangyin
Jiangsu,Wuxi,Wuxi New District
Jiangsu,Wuxi,Wuxi
Jiangsu,Wuxi,Xishan
Jiangsu,Wuxi,Yixing
Jiangsu,Xuzhou,Feng
Jiangsu,Xuzhou,Pei
Jiangsu,Xuzhou,Pizhou
Jiangsu,Xuzhou,Suining
Jiangsu,Xuzhou,Tongshan
Jiangsu,Xuzhou,Xinyi
Jiangsu,Xuzhou,Xuzhou
Jiangsu,Yancheng,Binhai
Jiangsu,Yancheng,Dafeng
Jiangsu,Yancheng,Dongtai
Jiangsu,Yancheng,Funing
Jiangsu,Yancheng,Jianhu
Jiangsu,Yancheng,Sheyang
Jiangsu,Yancheng,Xiangshui
Jiangsu,Yancheng,Yandu
Jiangsu,Yancheng,Yiancheng
Jiangsu,Yangzhou,Baoying
Jiangsu,Yangzhou,Gaoyou
Jiangsu,Yangzhou,Hanjiang
Jiangsu,Yangzhou,Jiangdu
Jiangsu,Yangzhou,Yangzhou
Jiangsu,Yangzhou,Yizheng
Jiangsu,Zhenjiang,Dantu
Jiangsu,Zhenjiang,Danyang
Jiangsu,Zhenjiang,Jurong
Jiangsu,Zhenjiang,Yangzhong
Jiangsu,Zhenjiang,Zhenjiang
Jiangxi,Fuzhou,Chongren
Jiangxi,Fuzhou,Dongxiang
Jiangxi,Fuzhou,Guangchang
Jiangxi,Fuzhou,Jinxi
Jiangxi,Fuzhou,Le'an
Jiangxi,Fuzhou,Lichuan
Jiangxi,Fuzhou,Linchuan
Jiangxi,Fuzhou,Nancheng
Jiangxi,Fuzhou,Nanfeng
Jiangxi,Fuzhou,Yihuang
Jiangxi,Fuzhou,Zixi
Jiangxi,Ganzhou,Anyuan
Jiangxi,Ganzhou,Chongyi
Jiangxi,Ganzhou,Dayu
Jiangxi,Ganzhou,Dingnan
Jiangxi,Ganzhou,Gan
Jiangxi,Ganzhou,Ganzhou
Jiangxi,Ganzhou,Huichang
Jiangxi,Ganzhou,Longnan
Jiangxi,Ganzhou,Nankang
Jiangxi,Ganzhou,Ningdu
Jiangxi,Ganzhou,Quannan
Jiangxi,Ganzhou,Ruijin
Jiangxi,Ganzhou,Shangyou
Jiangxi,Ganzhou,Shicheng
Jiangxi,Ganzhou,Xinfeng
Jiangxi,Ganzhou,Xingguo
Jiangxi,Ganzhou,Xunwu
Jiangxi,Ganzhou,Yudu
Jiangxi,Ji'an,Anfu
Jiangxi,Ji'an,Ji'an
Jiangxi,Ji'an,Ji An
Jiangxi,Ji'an,Jinggangshan
Jiangxi,Ji'an,Jishui
Jiangxi,Ji'an,Ninggang
Jiangxi,Ji'an,Suichuan
Jiangxi,Ji'an,Taihe
Jiangxi,Ji'an,Wan鈥檃n
Jiangxi,Ji'an,Xiajiang
Jiangxi,Ji'an,Xingan
Jiangxi,Ji'an,Yongfeng
Jiangxi,Ji'an,Yongxin
Jiangxi,Jingdezhen,Jingdezhen
Jiangxi,Jingdezhen,Leping
Jiangxi,Jiujiang,De'an
Jiangxi,Jiujiang,Duchang
Jiangxi,Jiujiang,Hukou
Jiangxi,Jiujiang,Jiujiang Q奴
Jiangxi,Jiujiang,Jiujiang Xi脿n
Jiangxi,Jiujiang,Pengze
Jiangxi,Jiujiang,Ruichang
Jiangxi,Jiujiang,Wuning
Jiangxi,Jiujiang,Xingzi
Jiangxi,Jiujiang,Xiushui
Jiangxi,Jiujiang,Yongxiu
Jiangxi,Nanchang,Anyi
Jiangxi,Nanchang,Jinxian
Jiangxi,Nanchang,Nanchang Q奴
Jiangxi,Nanchang,Nanchang Xi脿n
Jiangxi,Nanchang,Xingan
Jiangxi,Nanchang,Xinjian
Jiangxi,Pingxiang,Lianhua
Jiangxi,Pingxiang,Pingxiang
Jiangxi,Shangrao,Boyang
Jiangxi,Shangrao,Dexing
Jiangxi,Shangrao,Guangfeng
Jiangxi,Shangrao,Hengfeng
Jiangxi,Shangrao,Qianshan
Jiangxi,Shangrao,Shangrao Sh矛
Jiangxi,Shangrao,Shangrao Xi脿n
Jiangxi,Shangrao,Wannian
Jiangxi,Shangrao,Wuyuan
Jiangxi,Shangrao,Yiyang
Jiangxi,Shangrao,Yugan
Jiangxi,Shangrao,Yushan
Jiangxi,Xinyu,Fenyi
Jiangxi,Xinyu,Xinyu
Jiangxi,Yichun,Fengcheng
Jiangxi,Yichun,Fengxin
Jiangxi,Yichun,Gao'an
Jiangxi,Yichun,Jing'an
Jiangxi,Yichun,Shanggao
Jiangxi,Yichun,Tonggu
Jiangxi,Yichun,Wanzai
Jiangxi,Yichun,Yichun
Jiangxi,Yichun,Yifeng
Jiangxi,Yichun,Zhangshu
Jiangxi,Yingtan,Guixi
Jiangxi,Yingtan,Yingtan
Jiangxi,Yingtan,Yujiang
Jilin,Baicheng,Baicheng
Jilin,Baicheng,Da'an
Jilin,Baicheng,Taonan
Jilin,Baicheng,Tongyu
Jilin,Baicheng,Zhenlai
Jilin,Baishan,Badaojiang
Jilin,Baishan,Changbai Korean
Jilin,Baishan,Fusong
Jilin,Baishan,Jiangyuan
Jilin,Baishan,Jingyu
Jilin,Baishan,Linjiang
Jilin,Changchun,Changchun
Jilin,Changchun,Dehui
Jilin,Changchun,Jiutai
Jilin,Changchun,Nong'an
Jilin,Changchun,Shuangyang
Jilin,Changchun,Yushu
Jilin,Jilin,Huadian
Jilin,Jilin,Jiaohe
Jilin,Jilin,Jilin
Jilin,Jilin,Panshi
Jilin,Jilin,Shulan
Jilin,Jilin,Yongji
Jilin,Liaoyuan,Dongfeng
Jilin,Liaoyuan,Dongliao
Jilin,Liaoyuan,Liaoyuan
Jilin,Siping,Huaide
Jilin,Siping,Lishu
Jilin,Siping,Shuangliao
Jilin,Siping,Siping
Jilin,Siping,Yitong Manchu
Jilin,Songyuan,Changling
Jilin,Songyuan,Fuyu
Jilin,Songyuan,Qian'an
Jilin,Songyuan,Qian Gorlos Mongol
Jilin,Tonghua,Dongchang
Jilin,Tonghua,Erdaojiang
Jilin,Tonghua,Huinan
Jilin,Tonghua,Ji'an
Jilin,Tonghua,Liuhe
Jilin,Tonghua,Meihekou
Jilin,Tonghua,Tonghua
Jilin,Yanbian Korean,Antu
Jilin,Yanbian Korean,Dunhua
Jilin,Yanbian Korean,Helong
Jilin,Yanbian Korean,Hunchun
Jilin,Yanbian Korean,Longjing
Jilin,Yanbian Korean,Tumen
Jilin,Yanbian Korean,Wangqing
Jilin,Yanbian Korean,Yanji
Liaoning,Anshan,Anshan
Liaoning,Anshan,Haicheng
Liaoning,Anshan,Tai'an
Liaoning,Anshan,Xiuyan Manchu
Liaoning,Benxi,Benxi Manchu
Liaoning,Benxi,Benxi
Liaoning,Benxi,Huanren Manchu
Liaoning,Chaoyang,Beipiao
Liaoning,Chaoyang,Chaoyang Sh矛
Liaoning,Chaoyang,Chaoyang Xi脿n
Liaoning,Chaoyang,Harqin Left Mongol
Liaoning,Chaoyang,Jianping
Liaoning,Chaoyang,Lingyuan
Liaoning,Dalian,Changhai
Liaoning,Dalian,Dalian
Liaoning,Dalian,Jinzhou
Liaoning,Dalian,Lushunkou
Liaoning,Dalian,Wafangdian
Liaoning,Dalian,Xinjin
Liaoning,Dalian,Zhuanghe
Liaoning,Dandong,Dadong
Liaoning,Dandong,Donggang
Liaoning,Dandong,Fengcheng
Liaoning,Dandong,Kuandian Manchu
Liaoning,Fushun,Fushun
Liaoning,Fushun,Qingyuan Manchu
Liaoning,Fushun,Shuncheng
Liaoning,Fushun,Xinbin Manchu
Liaoning,Fuxin,Fuxin Mongol
Liaoning,Fuxin,Fuxin
Liaoning,Fuxin,Zhangwu
Liaoning,Huludao,Jianchang
Liaoning,Huludao,Jinxi
Liaoning,Huludao,Suizhong
Liaoning,Huludao,Xingcheng
Liaoning,Jinzhou,Beizhen
Liaoning,Jinzhou,Heishan
Liaoning,Jinzhou,Jin
Liaoning,Jinzhou,Jinzhou
Liaoning,Jinzhou,Yi
Liaoning,Liaoyang,Dengta
Liaoning,Liaoyang,Liaoyang
Liaoning,Panjin,Dawa
Liaoning,Panjin,Panjin
Liaoning,Panjin,Panshan
Liaoning,Shenyang,Faku
Liaoning,Shenyang,Kangping
Liaoning,Shenyang,Liaozhong
Liaoning,Shenyang,Shenyang Sh矛
Liaoning,Shenyang,Shenyang Xi脿n
Liaoning,Shenyang,Xinmin
Liaoning,Tieling,Changtu
Liaoning,Tieling,Gai
Liaoning,Tieling,Kaiyuan
Liaoning,Tieling,Tiefa
Liaoning,Tieling,Tieling Sh矛
Liaoning,Tieling,Tieling Xi脿n
Liaoning,Tieling,Xifeng
Liaoning,Tieling,Yingkou
Liaoning,Tieling,Yinzhou
Nei Mongol,Alxa,Alxa Left
Nei Mongol,Alxa,Alxa Right
Nei Mongol,Alxa,Ejin
Nei Mongol,Baotou,Baotou
Nei Mongol,Baotou,Darhan Muminggan Lia
Nei Mongol,Baotou,Guyang
Nei Mongol,Baynnur,Dengkou
Nei Mongol,Baynnur,Haibowan
Nei Mongol,Baynnur,Linhe
Nei Mongol,Baynnur,Urad Back
Nei Mongol,Baynnur,Urad Front
Nei Mongol,Baynnur,Urad Middle
Nei Mongol,Baynnur,Wuyuan
Nei Mongol,Chifeng,Aohan
Nei Mongol,Chifeng,Ar Horqin
Nei Mongol,Chifeng,Bairin Left
Nei Mongol,Chifeng,Bairin Right
Nei Mongol,Chifeng,Chifeng
Nei Mongol,Chifeng,Harqin
Nei Mongol,Chifeng,Hexigten
Nei Mongol,Chifeng,Linxi
Nei Mongol,Chifeng,Ningcheng
Nei Mongol,Chifeng,Ongniud
Nei Mongol,Hohhot,Hohhot
Nei Mongol,Hohhot,Horinger
Nei Mongol,Hohhot,Qingshuihe
Nei Mongol,Hohhot,Togtoh
Nei Mongol,Hohhot,Tumd Left
Nei Mongol,Hohhot,Tumd Right
Nei Mongol,Hohhot,Wuchuan
Nei Mongol,Hulunbuir,Arun
Nei Mongol,Hulunbuir,Butha Qi
Nei Mongol,Hulunbuir,Chenbarag Qi
Nei Mongol,Hulunbuir,Ergun
Nei Mongol,Hulunbuir,Evenk
Nei Mongol,Hulunbuir,Genhe
Nei Mongol,Hulunbuir,Hailar
Nei Mongol,Hulunbuir,Manzhouli
Nei Mongol,Hulunbuir,Morin Dawa Daur
Nei Mongol,Hulunbuir,Oroqin
Nei Mongol,Hulunbuir,Xinbarag Left
Nei Mongol,Hulunbuir,Xinbarag Right
Nei Mongol,Hulunbuir,Xuguit Qi
Nei Mongol,Ordos,Dalad
Nei Mongol,Ordos,Dongsheng
Nei Mongol,Ordos,Ejin Horo
Nei Mongol,Ordos,Hanggin
Nei Mongol,Ordos,Jungar
Nei Mongol,Ordos,Otog Front
Nei Mongol,Ordos,Otog
Nei Mongol,Ordos,Uxin
Nei Mongol,Tongliao,Horqin Left Back
Nei Mongol,Tongliao,Horqin Left Middle
Nei Mongol,Tongliao,Huolin Gol
Nei Mongol,Tongliao,Hure
Nei Mongol,Tongliao,Jarud
Nei Mongol,Tongliao,Kailu
Nei Mongol,Tongliao,Naiman
Nei Mongol,Tongliao,Tongliao
Nei Mongol,Ulaan Chab,Fengzhen
Nei Mongol,Ulaan Chab,Huade
Nei Mongol,Ulaan Chab,Jining
Nei Mongol,Ulaan Chab,Liangcheng
Nei Mongol,Ulaan Chab,Qahar Youyi Houqi
Nei Mongol,Ulaan Chab,Qahar Youyi Qianqi
Nei Mongol,Ulaan Chab,Qahar Youyi Zhongqi
Nei Mongol,Ulaan Chab,Shangdu
Nei Mongol,Ulaan Chab,Siziwang
Nei Mongol,Ulaan Chab,Xinghe
Nei Mongol,Ulaan Chab,Zhuozi
Nei Mongol,Wuhai,Wuhai
Nei Mongol,Xilin Gol,Abagnar Qi
Nei Mongol,Xilin Gol,Abag
Nei Mongol,Xilin Gol,Bordered Yellow
Nei Mongol,Xilin Gol,Dong Ujimqin
Nei Mongol,Xilin Gol,Duolun
Nei Mongol,Xilin Gol,Erenhot
Nei Mongol,Xilin Gol,Plain and Bordered White
Nei Mongol,Xilin Gol,Plain Blue
Nei Mongol,Xilin Gol,Sonid Left
Nei Mongol,Xilin Gol,Sonid Right
Nei Mongol,Xilin Gol,Taibus
Nei Mongol,Xilin Gol,West Ujimqin
Nei Mongol,Xing'an,Horqin Right Front
Nei Mongol,Xing'an,Horqin Right Middle
Nei Mongol,Xing'an,Jalaid
Nei Mongol,Xing'an,Tuquan
Nei Mongol,Xing'an,Ulan Hot
Ningxia Hui,Guyuan,Guyuan
Ningxia Hui,Guyuan,Jingyuan
Ningxia Hui,Guyuan,Longde
Ningxia Hui,Guyuan,Pengyang
Ningxia Hui,Guyuan,Xiji
Ningxia Hui,Shizuishan,Huinong
Ningxia Hui,Shizuishan,Pingluo
Ningxia Hui,Shizuishan,Shizuishan Q奴
Ningxia Hui,Shizuishan,Shizuishan Sh矛
Ningxia Hui,Shizuishan,Taole
Ningxia Hui,Wuzhong,Qingtongxia
Ningxia Hui,Wuzhong,Tongxin
Ningxia Hui,Wuzhong,Wuzhong
Ningxia Hui,Wuzhong,Yanchi
Ningxia Hui,Yinchuan,Helan
Ningxia Hui,Yinchuan,Lingwu
Ningxia Hui,Yinchuan,Yinchuan
Ningxia Hui,Yinchuan,Yongning
Ningxia Hui,Zhongwei,Haiyuan
Ningxia Hui,Zhongwei,Zhongning
Ningxia Hui,Zhongwei,Zhongwei
Qinghai,Golog Tibetan,Baima
Qinghai,Golog Tibetan,Darlag
Qinghai,Golog Tibetan,Gad锚
Qinghai,Golog Tibetan,Jigzhi
Qinghai,Golog Tibetan,Madoi
Qinghai,Golog Tibetan,Maq锚n
Qinghai,Gy锚gu Tibetan,Chindu
Qinghai,Gy锚gu Tibetan,Golmud
Qinghai,Gy锚gu Tibetan,Nangq锚n
Qinghai,Gy锚gu Tibetan,Qumarleb
Qinghai,Gy锚gu Tibetan,Yushu
Qinghai,Gy锚gu Tibetan,Zadoi
Qinghai,Gy锚gu Tibetan,Zhidoi
Qinghai,Haibei Tibetan,Gangca
Qinghai,Haibei Tibetan,Haiyan
Qinghai,Haibei Tibetan,Menyuan Hui
Qinghai,Haibei Tibetan,Qilian
Qinghai,Haidong,Hualong Hui
Qinghai,Haidong,Huzhu Tu
Qinghai,Haidong,Ledu
Qinghai,Haidong,Minhe Hui and Tu
Qinghai,Haidong,Ping'an
Qinghai,Haidong,Xunhua Salar
Qinghai,Hainan Tibetan,Gonghe
Qinghai,Hainan Tibetan,Guide
Qinghai,Hainan Tibetan,Guinan
Qinghai,Hainan Tibetan,Tongde
Qinghai,Hainan Tibetan,Xinghai
Qinghai,Haixi Mongol and Tibetan,Delingha
Qinghai,Haixi Mongol and Tibetan,Dulan
Qinghai,Haixi Mongol and Tibetan,Golmud
Qinghai,Haixi Mongol and Tibetan,Lenghu
Qinghai,Haixi Mongol and Tibetan,Tianjun
Qinghai,Haixi Mongol and Tibetan,Wulan
Qinghai,Huangnan Tibetan,Henan Mongol
Qinghai,Huangnan Tibetan,Jainca
Qinghai,Huangnan Tibetan,Tongren
Qinghai,Huangnan Tibetan,Z锚kog
Qinghai,Xining,Datong Hui and Tu
Qinghai,Xining,Huangyuan
Qinghai,Xining,Huangzhong
Qinghai,Xining,Xining
Shaanxi,Ankang,Ankang
Shaanxi,Ankang,Baihe
Shaanxi,Ankang,Hanyin
Shaanxi,Ankang,Langao
Shaanxi,Ankang,Ningshan
Shaanxi,Ankang,Pingli
Shaanxi,Ankang,Shiquan
Shaanxi,Ankang,Xunyang
Shaanxi,Ankang,Zhenping
Shaanxi,Ankang,Ziyang
Shaanxi,Baoji,Baoji Q奴
Shaanxi,Baoji,Baoji Xi脿n
Shaanxi,Baoji,Feng
Shaanxi,Baoji,Fengxiang
Shaanxi,Baoji,Fufeng
Shaanxi,Baoji,Linyou
Shaanxi,Baoji,Long
Shaanxi,Baoji,Mei
Shaanxi,Baoji,Qianyang
Shaanxi,Baoji,Qishan
Shaanxi,Baoji,Taibai
Shaanxi,Hanzhong,Chenggu
Shaanxi,Hanzhong,Foping
Shaanxi,Hanzhong,Hanzhong
Shaanxi,Hanzhong,Liuba
Shaanxi,Hanzhong,Lueyang
Shaanxi,Hanzhong,Mian
Shaanxi,Hanzhong,Nanzheng
Shaanxi,Hanzhong,Ningqiang
Shaanxi,Hanzhong,Xixiang
Shaanxi,Hanzhong,Yang
Shaanxi,Hanzhong,Zhenba
Shaanxi,Shangluo,Danfeng
Shaanxi,Shangluo,Luonan
Shaanxi,Shangluo,Shangnan
Shaanxi,Shangluo,Shang
Shaanxi,Shangluo,Shanyang
Shaanxi,Shangluo,Zhashui
Shaanxi,Shangluo,Zhen'an
Shaanxi,Tongchuan,Tongchuan
Shaanxi,Tongchuan,Yijun
Shaanxi,Weinan,Baishui,陕西省,渭南市,白水
Shaanxi,Weinan,Chencang
Shaanxi,Weinan,Dali,陕西省,渭南市,大荔
Shaanxi,Weinan,Fuping
Shaanxi,Weinan,Hancheng
Shaanxi,Weinan,Heyang
Shaanxi,Weinan,Hua
Shaanxi,Weinan,Huayin
Shaanxi,Weinan,Pucheng
Shaanxi,Weinan,Tongguan
Shaanxi,Weinan,Weinan,陕西省,渭南市,渭南
Shaanxi,Xi'an,Chang'an
Shaanxi,Xi'an,Gaoling
Shaanxi,Xi'an,Hu
Shaanxi,Xi'an,Lantian
Shaanxi,Xi'an,Lintong
Shaanxi,Xi'an,Xincheng
Shaanxi,Xi'an,Zhouzhi
Shaanxi,Xianyang,Bin
Shaanxi,Xianyang,Changwu
Shaanxi,Xianyang,Chunhua
Shaanxi,Xianyang,Jingyang
Shaanxi,Xianyang,Liquan
Shaanxi,Xianyang,Qian
Shaanxi,Xianyang,Sanyuan
Shaanxi,Xianyang,Wugong
Shaanxi,Xianyang,Xianyang
Shaanxi,Xianyang,Xingping
Shaanxi,Xianyang,Xunyi
Shaanxi,Xianyang,Yangling
Shaanxi,Xianyang,Yongshou
Shaanxi,Yan'an,Ansai
Shaanxi,Yan'an,Fu
Shaanxi,Yan'an,Ganquan
Shaanxi,Yan'an,Huangling
Shaanxi,Yan'an,Huanglong
Shaanxi,Yan'an,Luochuan
Shaanxi,Yan'an,Wuqi
Shaanxi,Yan'an,Yan An
Shaanxi,Yan'an,Yanchang
Shaanxi,Yan'an,Yanchuan
Shaanxi,Yan'an,Yichuan
Shaanxi,Yan'an,Zhidan
Shaanxi,Yan'an,Zichang
Shaanxi,Yulin,Dingbian
Shaanxi,Yulin,Fugu
Shaanxi,Yulin,Hengshan
Shaanxi,Yulin,Jia
Shaanxi,Yulin,Jingbian
Shaanxi,Yulin,Mizhi
Shaanxi,Yulin,Qingjian
Shaanxi,Yulin,Shenmu
Shaanxi,Yulin,Suide
Shaanxi,Yulin,Wubu
Shaanxi,Yulin,Yulin
Shaanxi,Yulin,Zizhou
Shandong,Binzhou,Binxian
Shandong,Binzhou,Boxing
Shandong,Binzhou,Huimin
Shandong,Binzhou,Wudi
Shandong,Binzhou,Yangxin
Shandong,Binzhou,Zhanhua
Shandong,Binzhou,Zouping
Shandong,Dezhou,Dezhou
Shandong,Dezhou,Leling
Shandong,Dezhou,Ling
Shandong,Dezhou,Linyi
Shandong,Dezhou,Ningjin
Shandong,Dezhou,Pingyuan
Shandong,Dezhou,Qihe
Shandong,Dezhou,Qingyun
Shandong,Dezhou,Wucheng
Shandong,Dezhou,Xiajin
Shandong,Dezhou,Yuncheng
Shandong,Dongying,Dongying
Shandong,Dongying,Guangrao
Shandong,Dongying,Hekou
Shandong,Dongying,Kenli
Shandong,Dongying,Lijin
Shandong,Heze,Cao
Shandong,Heze,Chengwu
Shandong,Heze,Dingtao
Shandong,Heze,Dongming
Shandong,Heze,Heze
Shandong,Heze,Juancheng
Shandong,Heze,Juye
Shandong,Heze,Shan
Shandong,Heze,Yucheng
Shandong,Jinan,Changqing
Shandong,Jinan,Jinan
Shandong,Jinan,Jiyang
Shandong,Jinan,Pingyin
Shandong,Jinan,Shanghe
Shandong,Jinan,Zhangqiu
Shandong,Jining,Jiaxiang
Shandong,Jining,Jining
Shandong,Jining,Jinxiang
Shandong,Jining,Liangshan
Shandong,Jining,Qufu
Shandong,Jining,Sishui
Shandong,Jining,Weishan
Shandong,Jining,Wenshang
Shandong,Jining,Yanzhou
Shandong,Jining,Yutai
Shandong,Laiwu,Laiwu
Shandong,Liaocheng,Chiping
Shandong,Liaocheng,Dong'e
Shandong,Liaocheng,Gaotang
Shandong,Liaocheng,Guan
Shandong,Liaocheng,Liaocheng
Shandong,Liaocheng,Linqing
Shandong,Liaocheng,Shenxian
Shandong,Liaocheng,Yanggu
Shandong,Linyi,Cangshan
Shandong,Linyi,Feixian
Shandong,Linyi,Junan
Shandong,Linyi,Linshu
Shandong,Linyi,Linyi
Shandong,Linyi,Mengyin
Shandong,Linyi,Pingyi
Shandong,Linyi,Tancheng
Shandong,Linyi,Yinan
Shandong,Linyi,Yishui
Shandong,Qingdao,Huangdao
Shandong,Qingdao,Jiaonan
Shandong,Qingdao,Jiaoxian
Shandong,Qingdao,Jimo
Shandong,Qingdao,Laixi
Shandong,Qingdao,Laoshan
Shandong,Qingdao,Pingdu
Shandong,Rizhao,Juxian
Shandong,Rizhao,Rizhao
Shandong,Rizhao,Wulian
Shandong,Tai'an,Dongping
Shandong,Tai'an,Feicheng
Shandong,Tai'an,Ningyang
Shandong,Tai'an,Tai An
Shandong,Tai'an,Xinwen
Shandong,Weifang,Anqiu
Shandong,Weifang,Changle
Shandong,Weifang,Changyi
Shandong,Weifang,Gaomi
Shandong,Weifang,Linqu
Shandong,Weifang,Qingzhou
Shandong,Weifang,Shouguang
Shandong,Weifang,Weifang Shi
Shandong,Weifang,Weifang Xian
Shandong,Weifang,Zhucheng
Shandong,Weihai,Rencheng
Shandong,Weihai,Rushan
Shandong,Weihai,Weihai
Shandong,Weihai,Wendeng
Shandong,Yantai,Changdao
Shandong,Yantai,Fushan
Shandong,Yantai,Haiyang
Shandong,Yantai,Laiyang
Shandong,Yantai,Laizhou
Shandong,Yantai,Longkou
Shandong,Yantai,Muping
Shandong,Yantai,Penglai
Shandong,Yantai,Qixia
Shandong,Yantai,Yantai
Shandong,Yantai,Zhaoyuan
Shandong,Zaozhuang,Teng
Shandong,Zaozhuang,Zhaozhuang
Shandong,Zaozhuang,Zouxian
Shandong,Zibo,Gaoqing
Shandong,Zibo,Huantai
Shandong,Zibo,Yiyuan
Shandong,Zibo,Zibo
Shandong,Zibo,Zichuan
Shanghai,Shanghai,Baoshan
Shanghai,Shanghai,Chongming
Shanghai,Shanghai,Fengxian
Shanghai,Shanghai,Jiading
Shanghai,Shanghai,Jinshan
Shanghai,Shanghai,Minhang
Shanghai,Shanghai,Nanhui
Shanghai,Shanghai,Pudong
Shanghai,Shanghai,Qingpu
Shanghai,Shanghai,Shanghai
Shanghai,Shanghai,Shengsi
Shanghai,Shanghai,Songjiang
Shanxi,Changzhi,Changzhi Sh矛
Shanxi,Changzhi,Changzhi Xi脿n
Shanxi,Changzhi,Huguan
Shanxi,Changzhi,Licheng
Shanxi,Changzhi,Lucheng
Shanxi,Changzhi,Pingshun
Shanxi,Changzhi,Qin
Shanxi,Changzhi,Qinyuan
Shanxi,Changzhi,Tunliu
Shanxi,Changzhi,Wuxiang
Shanxi,Changzhi,Xiangyuan
Shanxi,Changzhi,Zhangzi
Shanxi,Datong,Datong Sh矛
Shanxi,Datong,Datong Xi脿n
Shanxi,Datong,Guangling
Shanxi,Datong,Hunyuan
Shanxi,Datong,Lingqiu
Shanxi,Datong,Tianzhen
Shanxi,Datong,Yanggao
Shanxi,Datong,Zuoyun
Shanxi,Jincheng,Gaoping
Shanxi,Jincheng,Jingcheng
Shanxi,Jincheng,Lingchuan
Shanxi,Jincheng,Qinshui
Shanxi,Jincheng,Yangcheng
Shanxi,Jinzhong,Heshun
Shanxi,Jinzhong,Jiexiu
Shanxi,Jinzhong,Lingshi
Shanxi,Jinzhong,Pingyao
Shanxi,Jinzhong,Qi
Shanxi,Jinzhong,Shouyang
Shanxi,Jinzhong,Taigu
Shanxi,Jinzhong,Xiyang
Shanxi,Jinzhong,Yuci
Shanxi,Jinzhong,Yushe
Shanxi,Jinzhong,Zuoquan
Shanxi,Linfen,Anze
Shanxi,Linfen,Daning
Shanxi,Linfen,Fenxi
Shanxi,Linfen,Fushan
Shanxi,Linfen,Gu
Shanxi,Linfen,Hongtong
Shanxi,Linfen,Houma
Shanxi,Linfen,Huo
Shanxi,Linfen,Ji
Shanxi,Linfen,Linfen
Shanxi,Linfen,Pu
Shanxi,Linfen,Quwo
Shanxi,Linfen,Xiangfen
Shanxi,Linfen,Xiangning
Shanxi,Linfen,Xi
Shanxi,Linfen,Yicheng
Shanxi,Linfen,Yonghe
Shanxi,Luliang,Fangshan
Shanxi,Luliang,Fenyang
Shanxi,Luliang,Jiaocheng
Shanxi,Luliang,Jiaokou
Shanxi,Luliang,Lan
Shanxi,Luliang,Lin
Shanxi,Luliang,Lishi
Shanxi,Luliang,Liulin
Shanxi,Luliang,Shilou
Shanxi,Luliang,Wenshui
Shanxi,Luliang,Xiaoyi
Shanxi,Luliang,Xing
Shanxi,Luliang,Zhongyang
Shanxi,Shuozhou,Huairen
Shanxi,Shuozhou,Pinglu
Shanxi,Shuozhou,Shanyin
Shanxi,Shuozhou,Shuo
Shanxi,Shuozhou,Ying
Shanxi,Shuozhou,Youyu
Shanxi,Taiyuan,Gujiao
Shanxi,Taiyuan,Loufan
Shanxi,Taiyuan,Qingxu
Shanxi,Taiyuan,Taiyuan
Shanxi,Taiyuan,Yangqu
Shanxi,Xinzhou,Baode
Shanxi,Xinzhou,Dai
Shanxi,Xinzhou,Dingxiang
Shanxi,Xinzhou,Fanshi
Shanxi,Xinzhou,Hequ
Shanxi,Xinzhou,Jingle
Shanxi,Xinzhou,Kelan
Shanxi,Xinzhou,Ningwu
Shanxi,Xinzhou,Pianguan
Shanxi,Xinzhou,Shenchi
Shanxi,Xinzhou,Wutai
Shanxi,Xinzhou,Wuzhai
Shanxi,Xinzhou,Xinfu
Shanxi,Xinzhou,Yuanping
Shanxi,Yangquan,Pingding
Shanxi,Yangquan,Yangquan
Shanxi,Yangquan,Yu
Shanxi,Yuncheng,Hejin
Shanxi,Yuncheng,Jiang
Shanxi,Yuncheng,Jishan
Shanxi,Yuncheng,Linyi
Shanxi,Yuncheng,Pinglu
Shanxi,Yuncheng,Ruicheng
Shanxi,Yuncheng,Wanrong
Shanxi,Yuncheng,Wenxi
Shanxi,Yuncheng,Xia
Shanxi,Yuncheng,Xinjiang
Shanxi,Yuncheng,Yongji
Shanxi,Yuncheng,Yuanqu
Shanxi,Yuncheng,Yuncheng
Sichuan,Bazhong,Bazhong
Sichuan,Bazhong,Nanjiang
Sichuan,Bazhong,Pingchang
Sichuan,Bazhong,Tongjiang
Sichuan,Chengdu,Chengdu Q奴
Sichuan,Chengdu,Chengdu Sh矛
Sichuan,Chengdu,Chongqing
Sichuan,Chengdu,Dayi
Sichuan,Chengdu,Jintang
Sichuan,Chengdu,Peng
Sichuan,Chengdu,Pi
Sichuan,Chengdu,Pujiang
Sichuan,Chengdu,Qionglai
Sichuan,Chengdu,Shuangliu
Sichuan,Chengdu,Wenjiang
Sichuan,Chengdu,Xindu
Sichuan,Chengdu,Xinjin
Sichuan,Dazhou,Da
Sichuan,Dazhou,Daxian
Sichuan,Dazhou,Dazhu
Sichuan,Dazhou,Kaijiang
Sichuan,Dazhou,Qu
Sichuan,Dazhou,Wanyuan
Sichuan,Dazhou,Xuanhan
Sichuan,Deyang,Deyang
Sichuan,Deyang,Guanghan
Sichuan,Deyang,Mianzhu
Sichuan,Deyang,Shifang
Sichuan,Deyang,Zhongjiang
Sichuan,Garz锚 Tibetan,Baiy眉
Sichuan,Garz锚 Tibetan,Batang
Sichuan,Garz锚 Tibetan,D锚g锚
Sichuan,Garz锚 Tibetan,D锚rong
Sichuan,Garz锚 Tibetan,Danba
Sichuan,Garz锚 Tibetan,Daocheng
Sichuan,Garz锚 Tibetan,Dawu
Sichuan,Garz锚 Tibetan,Garz锚
Sichuan,Garz锚 Tibetan,Jiulong
Sichuan,Garz锚 Tibetan,Kangding
Sichuan,Garz锚 Tibetan,Litang
Sichuan,Garz锚 Tibetan,Luding
Sichuan,Garz锚 Tibetan,Luhuo
Sichuan,Garz锚 Tibetan,S锚rtar
Sichuan,Garz锚 Tibetan,S锚rx眉
Sichuan,Garz锚 Tibetan,Xiangcheng
Sichuan,Garz锚 Tibetan,Xinlong
Sichuan,Garz锚 Tibetan,Yajiang
Sichuan,Guang'an,Guang'an
Sichuan,Guang'an,Huayun
Sichuan,Guang'an,Linshui
Sichuan,Guang'an,Wusheng
Sichuan,Guang'an,Yuechi
Sichuan,Guangyuan,Cangxi
Sichuan,Guangyuan,Chaotian
Sichuan,Guangyuan,Jiange
Sichuan,Guangyuan,Qingchuan
Sichuan,Guangyuan,Shizhong
Sichuan,Guangyuan,Wangcang
Sichuan,Guangyuan,Yuanba
Sichuan,Leshan,Ebian Yi
Sichuan,Leshan,Emeishan
Sichuan,Leshan,Jiajiang
Sichuan,Leshan,Jinkouhe
Sichuan,Leshan,Mabian Yi
Sichuan,Leshan,Muchuan
Sichuan,Leshan,Qianwei
Sichuan,Leshan,Shawan
Sichuan,Leshan,Shizhong
Sichuan,Leshan,Wutongqiao
Sichuan,Liangshan Yi,Butuo
Sichuan,Liangshan Yi,Dechang
Sichuan,Liangshan Yi,Ganluo
Sichuan,Liangshan Yi,Huidong
Sichuan,Liangshan Yi,Huili
Sichuan,Liangshan Yi,Jingyang
Sichuan,Liangshan Yi,Leibo
Sichuan,Liangshan Yi,Meigu
Sichuan,Liangshan Yi,Mianning
Sichuan,Liangshan Yi,Muli Tibetan
Sichuan,Liangshan Yi,Ningnan
Sichuan,Liangshan Yi,Puge
Sichuan,Liangshan Yi,Xichang
Sichuan,Liangshan Yi,Xide
Sichuan,Liangshan Yi,Yanyuan
Sichuan,Liangshan Yi,Yuexi
Sichuan,Liangshan Yi,Zhaojue
Sichuan,Luzhou,Gulin
Sichuan,Luzhou,Hejiang
Sichuan,Luzhou,Lu
Sichuan,Luzhou,Luzhou
Sichuan,Luzhou,N脿x墨
Sichuan,Luzhou,Xuyong
Sichuan,Meishan,Danleng
Sichuan,Meishan,Hongya
Sichuan,Meishan,Jingyan
Sichuan,Meishan,Meishan
Sichuan,Meishan,Pengshan
Sichuan,Meishan,Qingshen
Sichuan,Meishan,Renshou
Sichuan,Mianyang,An
Sichuan,Mianyang,Beichuan Qiang
Sichuan,Mianyang,Jiangyou
Sichuan,Mianyang,Mianyang
Sichuan,Mianyang,Pingwu
Sichuan,Mianyang,Santai
Sichuan,Mianyang,Yanting
Sichuan,Mianyang,Zitong
Sichuan,Nanchong,Langzhong
Sichuan,Nanchong,Nanbu
Sichuan,Nanchong,Nanchong Sh矛
Sichuan,Nanchong,Nanchong Xi脿n
Sichuan,Nanchong,Peng'an
Sichuan,Nanchong,Xichong
Sichuan,Nanchong,Yilong
Sichuan,Nanchong,Yingshan
Sichuan,Neijiang]],Longchang
Sichuan,Neijiang]],Zizhong
Sichuan,Neijiang,Dongxing
Sichuan,Neijiang,Shizhong
Sichuan,Neijiang,Weiyuan
Sichuan,Ngawa Tibetan and Qiang,Aba
Sichuan,Ngawa Tibetan and Qiang,Barkam
Sichuan,Ngawa Tibetan and Qiang,Guan
Sichuan,Ngawa Tibetan and Qiang,Heishui
Sichuan,Ngawa Tibetan and Qiang,Hongyuan
Sichuan,Ngawa Tibetan and Qiang,Jinchuan
Sichuan,Ngawa Tibetan and Qiang,Li
Sichuan,Ngawa Tibetan and Qiang,Mao
Sichuan,Ngawa Tibetan and Qiang,Nanping
Sichuan,Ngawa Tibetan and Qiang,Songpan
Sichuan,Ngawa Tibetan and Qiang,Wenchuan
Sichuan,Ngawa Tibetan and Qiang,Xiaojin
Sichuan,Ngawa Tibetan and Qiang,Zamtang
Sichuan,Ngawa Tibetan and Qiang,Zoig锚
Sichuan,Panzhihua,East
Sichuan,Panzhihua,Miyi
Sichuan,Panzhihua,Yanbian
Sichuan,Suining,Pengxi
Sichuan,Suining,Shehong
Sichuan,Suining,Suining
Sichuan,Ya'an,Baoxing
Sichuan,Ya'an,Hanyuan
Sichuan,Ya'an,Lushan
Sichuan,Ya'an,Mingshan
Sichuan,Ya'an,Shimian
Sichuan,Ya'an,Tianquan
Sichuan,Ya'an,Ya An
Sichuan,Ya'an,Yingjing
Sichuan,Yibin,Changning
Sichuan,Yibin,Gao
Sichuan,Yibin,Gong
Sichuan,Yibin,Jiang'an
Sichuan,Yibin,Junlian
Sichuan,Yibin,Nanxi
Sichuan,Yibin,Pingshan
Sichuan,Yibin,Xingwen
Sichuan,Yibin,Yibin Sh矛
Sichuan,Yibin,Yibin Xi脿n
Sichuan,Zigong,Fushun
Sichuan,Zigong,Rong
Sichuan,Zigong,Zigong
Sichuan,Ziyang,Anju
Sichuan,Ziyang,Jiangyang
Sichuan,Ziyang,Lezhi
Sichuan,Ziyang,Ziyang
Tianjin,Tianjin,Baodi
Tianjin,Tianjin,Beichen
Tianjin,Tianjin,Dagang
Tianjin,Tianjin,Dongli
Tianjin,Tianjin,Hangu
Tianjin,Tianjin,Jinghai
Tianjin,Tianjin,Ji
Tianjin,Tianjin,Ninghe
Tianjin,Tianjin,Tanggu
Tianjin,Tianjin,Tianjin
Tianjin,Tianjin,Wuqing
Tianjin,Tianjin,Xiqing
Xinjiang Uygur,Aksu,Aksu
Xinjiang Uygur,Aksu,Awat
Xinjiang Uygur,Aksu,Baicheng
Xinjiang Uygur,Aksu,Kalpin
Xinjiang Uygur,Aksu,Kuqa
Xinjiang Uygur,Aksu,Shayar
Xinjiang Uygur,Aksu,Toksu
Xinjiang Uygur,Aksu,Wensu
Xinjiang Uygur,Aksu,Wushi
Xinjiang Uygur,Altay,Altay
Xinjiang Uygur,Altay,Burqin
Xinjiang Uygur,Altay,Fuhai
Xinjiang Uygur,Altay,Fuyun
Xinjiang Uygur,Altay,Habahe
Xinjiang Uygur,Altay,Jeminay
Xinjiang Uygur,Altay,Qinggil
Xinjiang Uygur,脺r眉mqi,脺r眉mqi Sh矛
Xinjiang Uygur,脺r眉mqi,脺r眉mqi Xi脿n
Xinjiang Uygur,B枚rtala Mongol,Bole
Xinjiang Uygur,B枚rtala Mongol,Jinghe
Xinjiang Uygur,B枚rtala Mongol,Wenquan
Xinjiang Uygur,Bayin'gholin Mongol,Bohu
Xinjiang Uygur,Bayin'gholin Mongol,Hejing
Xinjiang Uygur,Bayin'gholin Mongol,Hoxud
Xinjiang Uygur,Bayin'gholin Mongol,Korla
Xinjiang Uygur,Bayin'gholin Mongol,Luntai
Xinjiang Uygur,Bayin'gholin Mongol,Qiemo
Xinjiang Uygur,Bayin'gholin Mongol,Ruoqiang
Xinjiang Uygur,Bayin'gholin Mongol,Yanqi Hui
Xinjiang Uygur,Bayin'gholin Mongol,Yuli
Xinjiang Uygur,Changji Hui,Changji
Xinjiang Uygur,Changji Hui,Fukang
Xinjiang Uygur,Changji Hui,Hutubi
Xinjiang Uygur,Changji Hui,Jimsar
Xinjiang Uygur,Changji Hui,Manas
Xinjiang Uygur,Changji Hui,Miquan
Xinjiang Uygur,Changji Hui,Mori
Xinjiang Uygur,Changji Hui,Qitai
Xinjiang Uygur,Hami,Barkol Kazakh
Xinjiang Uygur,Hami,Hami
Xinjiang Uygur,Hami,Yiwu
Xinjiang Uygur,Ili Kazakh,Gongliu
Xinjiang Uygur,Ili Kazakh,Huocheng
Xinjiang Uygur,Ili Kazakh,Kuitun
Xinjiang Uygur,Ili Kazakh,Nilka
Xinjiang Uygur,Ili Kazakh,Qapqal Xibe
Xinjiang Uygur,Ili Kazakh,Tekes
Xinjiang Uygur,Ili Kazakh,Xinyuan
Xinjiang Uygur,Ili Kazakh,Yining Sh矛
Xinjiang Uygur,Ili Kazakh,Yining
Xinjiang Uygur,Ili Kazakh,Zhaosu
Xinjiang Uygur,Karamay,Dushanzi
Xinjiang Uygur,Karamay,Karamay
Xinjiang Uygur,Kashgar,Bachu
Xinjiang Uygur,Kashgar,Jiashi
Xinjiang Uygur,Kashgar,Kashgar
Xinjiang Uygur,Kashgar,Makit
Xinjiang Uygur,Kashgar,Poskam
Xinjiang Uygur,Kashgar,Shufu
Xinjiang Uygur,Kashgar,Shule
Xinjiang Uygur,Kashgar,Taxkorgan Tajik
Xinjiang Uygur,Kashgar,Yecheng
Xinjiang Uygur,Kashgar,Yengisar
Xinjiang Uygur,Kashgar,Yopurga
Xinjiang Uygur,Kashgar,Zepu
Xinjiang Uygur,Khotan,Khotan
Xinjiang Uygur,Khotan,Lop
Xinjiang Uygur,Khotan,Minfeng
Xinjiang Uygur,Khotan,Moyu
Xinjiang Uygur,Khotan,Pishan
Xinjiang Uygur,Khotan,Qira
Xinjiang Uygur,Khotan,Yutian
Xinjiang Uygur,Kizilsu Kirghiz,Akqi
Xinjiang Uygur,Kizilsu Kirghiz,Akto
Xinjiang Uygur,Kizilsu Kirghiz,Artux
Xinjiang Uygur,Kizilsu Kirghiz,Wuqia
Xinjiang Uygur,Shihezi,Shihezi
Xinjiang Uygur,Tacheng,Emin
Xinjiang Uygur,Tacheng,Hoboksar Mongol
Xinjiang Uygur,Tacheng,Shawan
Xinjiang Uygur,Tacheng,Tacheng
Xinjiang Uygur,Tacheng,Toli
Xinjiang Uygur,Tacheng,Usu
Xinjiang Uygur,Tacheng,Yumin
Xinjiang Uygur,Turfan,Shanshan
Xinjiang Uygur,Turfan,Toksun
Xinjiang Uygur,Turfan,Turfan
Xizang,Chamdo,Banbar
Xizang,Chamdo,Baxoi
Xizang,Chamdo,D锚ngq锚n
Xizang,Chamdo,Gonjo
Xizang,Chamdo,Jomdo
Xizang,Chamdo,Lhorong
Xizang,Chamdo,Markam
Xizang,Chamdo,Qamdo
Xizang,Chamdo,Riwoq锚
Xizang,Chamdo,Zhag'yab
Xizang,Chamdo,Zogang
Xizang,Lhasa,Dagz锚
Xizang,Lhasa,Damxung
Xizang,Lhasa,Doilungd锚q锚n
Xizang,Lhasa,Lh眉nzhub
Xizang,Lhasa,Lhasa
Xizang,Lhasa,Maizhokunggar
Xizang,Lhasa,Ny锚mo
Xizang,Lhasa,Q眉x眉
Xizang,Nagchu,Amdo
Xizang,Nagchu,Baq锚n
Xizang,Nagchu,Biru
Xizang,Nagchu,Lhari
Xizang,Nagchu,Nagchu
Xizang,Nagchu,Nyainrong
Xizang,Nagchu,Nyima
Xizang,Nagchu,Raingoin
Xizang,Nagchu,Sog
Xizang,Nagchu,Xainza
Xizang,Ngari,Burang
Xizang,Ngari,Coq锚n
Xizang,Ngari,G锚'gyai
Xizang,Ngari,G锚rz锚
Xizang,Ngari,Gar
Xizang,Ngari,Rutog
Xizang,Ngari,Zanda
Xizang,Nyingtri,Bomi
Xizang,Nyingtri,Gongbo'gyamda
Xizang,Nyingtri,Mainling
Xizang,Nyingtri,Nang
Xizang,Nyingtri,Nyingchi
Xizang,Nyingtri,Zay眉
Xizang,Shannan,Comai
Xizang,Shannan,Cona
Xizang,Shannan,Gonggar
Xizang,Shannan,Gyaca
Xizang,Shannan,Lh眉nz锚
Xizang,Shannan,Lhozhag
Xizang,Shannan,N锚dong
Xizang,Shannan,Nagarz锚
Xizang,Shannan,Qonggyai
Xizang,Shannan,Qusum
Xizang,Shannan,Sangri
Xizang,Shannan,Zhanang
Xizang,Shigatse,Bainang
Xizang,Shigatse,Dinggy锚
Xizang,Shigatse,Gamba
Xizang,Shigatse,Gyangz锚
Xizang,Shigatse,Gyirong
Xizang,Shigatse,Kangmar
Xizang,Shigatse,Lhaz锚
Xizang,Shigatse,Namling
Xizang,Shigatse,Ngamring
Xizang,Shigatse,Nyalam
Xizang,Shigatse,Rinbung
Xizang,Shigatse,Sa'gya
Xizang,Shigatse,Saga
Xizang,Shigatse,Shigatse
Xizang,Shigatse,Tingri
Xizang,Shigatse,Xaitongmoin
Xizang,Shigatse,Yadong
Xizang,Shigatse,Zhongba
Yunnan,Baoshan,Baoshan
Yunnan,Baoshan,Changning
Yunnan,Baoshan,Longling
Yunnan,Baoshan,Shidian
Yunnan,Baoshan,Tengchong
Yunnan,Chuxiong Yi,Chuxiong
Yunnan,Chuxiong Yi,Dayao
Yunnan,Chuxiong Yi,Lufeng
Yunnan,Chuxiong Yi,Mouding
Yunnan,Chuxiong Yi,Nanhua
Yunnan,Chuxiong Yi,Shuangbai
Yunnan,Chuxiong Yi,Wuding
Yunnan,Chuxiong Yi,Yao'an
Yunnan,Chuxiong Yi,Yongren
Yunnan,Chuxiong Yi,Yuanmou
Yunnan,D锚q锚n Tibetan,D锚q锚n
Yunnan,D锚q锚n Tibetan,Weixin
Yunnan,D锚q锚n Tibetan,Zhongdian
Yunnan,Dali Bai,Binchuan
Yunnan,Dali Bai,Dali
Yunnan,Dali Bai,Eryuan
Yunnan,Dali Bai,Heqing
Yunnan,Dali Bai,Jianchuan
Yunnan,Dali Bai,Midu
Yunnan,Dali Bai,Nanjian Yi
Yunnan,Dali Bai,Weishan Yi and Hui
Yunnan,Dali Bai,Xiangyun
Yunnan,Dali Bai,Yangbi Yi
Yunnan,Dali Bai,Yongping
Yunnan,Dali Bai,Yulong Naxi
Yunnan,Dehong Dai and Jingpo,Lianghe
Yunnan,Dehong Dai and Jingpo,Longchuan
Yunnan,Dehong Dai and Jingpo,Luxi
Yunnan,Dehong Dai and Jingpo,Ruili
Yunnan,Dehong Dai and Jingpo,Yingjiang
Yunnan,Honghe Hani and Yi,Gejiu
Yunnan,Honghe Hani and Yi,Hekou Yao
Yunnan,Honghe Hani and Yi,Honghe
Yunnan,Honghe Hani and Yi,Jianshui
Yunnan,Honghe Hani and Yi,"Jinping Miao, Yao and Dai"
Yunnan,Honghe Hani and Yi,Kaiyuan
Yunnan,Honghe Hani and Yi,L眉chun
Yunnan,Honghe Hani and Yi,Luxi
Yunnan,Honghe Hani and Yi,Mengzi
Yunnan,Honghe Hani and Yi,Mile
Yunnan,Honghe Hani and Yi,Pingbian Miao
Yunnan,Honghe Hani and Yi,Shiping
Yunnan,Honghe Hani and Yi,Yuanyang
Yunnan,Kunming,Anning
Yunnan,Kunming,Chenggong
Yunnan,Kunming,Dongchuan
Yunnan,Kunming,Fumin
Yunnan,Kunming,Jinning
Yunnan,Kunming,Kunming
Yunnan,Kunming,Lunan
Yunnan,Kunming,Luquan Yi and Miao
Yunnan,Kunming,Songming
Yunnan,Kunming,Xishan
Yunnan,Kunming,Xundian Hui and Yi
Yunnan,Kunming,Yiliang
Yunnan,Lijiang,Huaping
Yunnan,Lijiang,Lijiang
Yunnan,Lijiang,Ninglang Yi
Yunnan,Lijiang,Yongsheng
Yunnan,Lincang,Cangyuan Va
Yunnan,Lincang,Fengqing
Yunnan,Lincang,Gengma Dai and Va
Yunnan,Lincang,Lincang
Yunnan,Lincang,"Shuangjiang Lahu, Va, Blang and Dai"
Yunnan,Lincang,Yongde
Yunnan,Lincang,Yun
Yunnan,Lincang,Zhenkang
Yunnan,Nujiang Lisu,Bijiang
Yunnan,Nujiang Lisu,Gongshan Derung and Nu
Yunnan,Nujiang Lisu,Lanping Bai and Pumi
Yunnan,Nujiang Lisu,Lushui
Yunnan,Pu'er,Jiangcheng Hani and Yi
Yunnan,Pu'er,Jingdong Yi
Yunnan,Pu'er,Jinggu Dai and Yi
Yunnan,Pu'er,Lancang Lahu
Yunnan,Pu'er,"Menglian Dai, Lahu and Va"
Yunnan,Pu'er,Mojiang Hani
Yunnan,Pu'er,Puer
Yunnan,Pu'er,Simao
Yunnan,Pu'er,Ximeng Va
Yunnan,Pu'er,"Zhenyuan Yi, Hani and Lahu"
Yunnan,Qujing,Fuyuan
Yunnan,Qujing,Huize
Yunnan,Qujing,Luliang
Yunnan,Qujing,Luoping
Yunnan,Qujing,Malong
Yunnan,Qujing,Shizong
Yunnan,Qujing,Xuanwei
Yunnan,Qujing,Zhanyi
Yunnan,Wenshan Zhuang and Miao,Funing
Yunnan,Wenshan Zhuang and Miao,Guangnan
Yunnan,Wenshan Zhuang and Miao,Maguan
Yunnan,Wenshan Zhuang and Miao,Malipo
Yunnan,Wenshan Zhuang and Miao,Qiubei
Yunnan,Wenshan Zhuang and Miao,Wenshan
Yunnan,Wenshan Zhuang and Miao,Xichou
Yunnan,Wenshan Zhuang and Miao,Yanshan
Yunnan,Xishuangbanna Dai,Jinghong
Yunnan,Xishuangbanna Dai,Menghai
Yunnan,Xishuangbanna Dai,Mengla
Yunnan,Yuxi,Chengjiang
Yunnan,Yuxi,Eshan Yi
Yunnan,Yuxi,Huaning
Yunnan,Yuxi,Jiangchuan
Yunnan,Yuxi,Tonghai
Yunnan,Yuxi,Xinping Yi and Dai
Yunnan,Yuxi,Yimen
Yunnan,Yuxi,"Yuanjiang Hani, Yi and Dai"
Yunnan,Yuxi,Yuxi
Yunnan,Zhaotong,Daguan
Yunnan,Zhaotong,Ludian
Yunnan,Zhaotong,Qiaojia
Yunnan,Zhaotong,Shuifu
Yunnan,Zhaotong,Suijiang
Yunnan,Zhaotong,Weixi Lisu
Yunnan,Zhaotong,Yanjin
Yunnan,Zhaotong,Yiliang
Yunnan,Zhaotong,Yongshan
Yunnan,Zhaotong,Zhaotong
Yunnan,Zhaotong,Zhenxiong
Zhejiang,Hangzhou,Chun'an
Zhejiang,Hangzhou,Fuyang
Zhejiang,Hangzhou,Hangzhou
Zhejiang,Hangzhou,Jiande
Zhejiang,Hangzhou,Lin'an
Zhejiang,Hangzhou,Tonglu
Zhejiang,Hangzhou,Xiaoshan
Zhejiang,Hangzhou,Yuhang
Zhejiang,Huzhou,Anji
Zhejiang,Huzhou,Changxing
Zhejiang,Huzhou,Deqing
Zhejiang,Huzhou,Huzhou
Zhejiang,Jiaxing,Haining
Zhejiang,Jiaxing,Haiyan
Zhejiang,Jiaxing,Jiashan
Zhejiang,Jiaxing,Jiaxing
Zhejiang,Jiaxing,Pinghu
Zhejiang,Jiaxing,Tongxiang
Zhejiang,Jiaxing,Xiuzhou
Zhejiang,Jinhua,Dongyang
Zhejiang,Jinhua,Jinhua Sh矛
Zhejiang,Jinhua,Jinhua Xi脿n
Zhejiang,Jinhua,Lanxi
Zhejiang,Jinhua,Pan'an
Zhejiang,Jinhua,Pujiang
Zhejiang,Jinhua,Wuyi
Zhejiang,Jinhua,Yiwu
Zhejiang,Jinhua,Yongkang
Zhejiang,Lishui,Jingning She
Zhejiang,Lishui,Jinyun
Zhejiang,Lishui,Lishui
Zhejiang,Lishui,Longquan
Zhejiang,Lishui,Qingtian
Zhejiang,Lishui,Qingyuan
Zhejiang,Lishui,Songyang
Zhejiang,Lishui,Suichang
Zhejiang,Lishui,Yunhe
Zhejiang,Ningbo,Cixi
Zhejiang,Ningbo,Fenghua
Zhejiang,Ningbo,Longwan
Zhejiang,Ningbo,Ninghai
Zhejiang,Ningbo,Xiangshan
Zhejiang,Ningbo,Xiuzhou
Zhejiang,Ningbo,Yuyao
Zhejiang,Ningbo,Zhenhai
Zhejiang,Quzhou,Changshan
Zhejiang,Quzhou,Jiangshan
Zhejiang,Quzhou,Kaihua
Zhejiang,Quzhou,Longyou
Zhejiang,Quzhou,Quzhou Shi
Zhejiang,Quzhou,Quzhou Xian
Zhejiang,Shaoxing,Shangyu
Zhejiang,Shaoxing,Shaoxing Xian
Zhejiang,Shaoxing,Shaoxing
Zhejiang,Shaoxing,Shengsi
Zhejiang,Shaoxing,Xinchang
Zhejiang,Shaoxing,Zhuji
Zhejiang,Taizhou,Huangyan
Zhejiang,Taizhou,Linhai
Zhejiang,Taizhou,Sanmen
Zhejiang,Taizhou,Tiantai
Zhejiang,Taizhou,Wenling
Zhejiang,Taizhou,Xianju
Zhejiang,Taizhou,Yuhuan
Zhejiang,Wenzhou,Cangnan
Zhejiang,Wenzhou,Ouhai
Zhejiang,Wenzhou,Pingyang
Zhejiang,Wenzhou,Ruian
Zhejiang,Wenzhou,Taishun
Zhejiang,Wenzhou,Wencheng
Zhejiang,Wenzhou,Wenzhou
Zhejiang,Wenzhou,Yongjia
Zhejiang,Wenzhou,Yueqing
Zhejiang,Zhoushan,Daishan
Zhejiang,Zhoushan,Dinghai
Zhejiang,Zhoushan,Putuo
