Anhui,Anqing
Anhui,Bengbu
Anhui,Bozhou
Anhui,Chaohu
Anhui,Chizhou
Anhui,Chuzhou
Anhui,Fuyang
Anhui,Hefei
Anhui,Huaibei
Anhui,Huainan
Anhui,Huangshan
Anhui,Lu'an
Anhui,Ma'anshan
Anhui,Suzhou
Anhui,Tongling
Anhui,Wuhu
Anhui,Xuancheng
Beijing,Beijing
Chongqing,Chongqing
Fujian,Fuzhou
Fujian,Longyan
Fujian,Nanping
Fujian,Ningde
Fujian,Putian
Fujian,Quanzhou
Fujian,Sanming
Fujian,Xiamen
Fujian,Zhangzhou
Gansu,Baiyin
Gansu,Dingxi
Gansu,Gannan Tibetan
Gansu,Jiayuguan
Gansu,Jinchang
Gansu,Jiuquan
Gansu,Lanzhou
Gansu,Linxia Hui
Gansu,Longnan
Gansu,Pingliang
Gansu,Qingyang
Gansu,Tianshui
Gansu,Wuwei
Gansu,Zhangye
Guangdong,Chaozhou
Guangdong,Dongguan
Guangdong,Foshan
Guangdong,Guangzhou
Guangdong,Heyuan
Guangdong,Huizhou
Guangdong,Jiangmen
Guangdong,Jieyang
Guangdong,Maoming
Guangdong,Meizhou
Guangdong,Qingyuan
Guangdong,Shantou
Guangdong,Shanwei
Guangdong,Shaoguan
Guangdong,Shenzhen
Guangdong,Yangjiang
Guangdong,Yunfu
Guangdong,Zhanjiang
Guangdong,Zhaoqing
Guangdong,Zhongshan
Guangdong,Zhuhai
Guangxi,Baise
Guangxi,Beihai
Guangxi,Chongzuo
Guangxi,Fangchenggang
Guangxi,Guigang
Guangxi,Guilin
Guangxi,Hechi
Guangxi,Hezhou
Guangxi,Laibin
Guangxi,Liuzhou
Guangxi,Nanning
Guangxi,Qinzhou
Guangxi,Wuzhou
Guangxi,Yulin
Guizhou,Anshun
Guizhou,Bijie
Guizhou,Guiyang
Guizhou,Liupanshui
Guizhou,Qiandongnan Miao and Dong,Guizhou,Kaili
Guizhou,Qiannan Buyei and Miao,Guizhou,Duyun
Guizhou,Qianxinan Buyei and Miao,Guizhou,Xinyi
Guizhou,Tongren
Guizhou,Zunyi
Hainan,Haikou
Hainan,Hainan
Hainan,Sanya
Hebei,Baoding
Hebei,Cangzhou
Hebei,Chengde
Hebei,Handan
Hebei,Hengshui
Hebei,Langfang
Hebei,Qinhuangdao
Hebei,Shijiazhuang
Hebei,Tangshan
Hebei,Xingtai
Hebei,Zhangjiakou
Heilongjiang,Daqing
Heilongjiang,Daxing'anling
Heilongjiang,Harbin
Heilongjiang,Hegang
Heilongjiang,Heihe
Heilongjiang,Jiamusi
Heilongjiang,Jixi
Heilongjiang,Mudanjiang
Heilongjiang,Qiqihar
Heilongjiang,Qitaihe
Heilongjiang,Shuangyashan
Heilongjiang,Suihua
Heilongjiang,Yichun
Henan,Anyang
Henan,Hebi
Henan,Jiaozuo
Henan,Jiyuan shi
Henan,Kaifeng
Henan,Luohe
Henan,Luoyang
Henan,Nanyang
Henan,Pingdingshan
Henan,Puyang
Henan,Sanmenxia
Henan,Shangqiu
Henan,Xinxiang
Henan,Xinyang
Henan,Xuchang
Henan,Zhengzhou
Henan,Zhoukou
Henan,Zhumadian
Hubei,Enshi Tujia and Miao
Hubei,Ezhou
Hubei,Huanggang
Hubei,Huangshi
Hubei,Jingmen
Hubei,Jingzhou
Hubei,Qianjiang
Hubei,Shennongjia
Hubei,Shiyan
Hubei,Suizhou Shi
Hubei,Tianmen
Hubei,Wuhan
Hubei,Xiangfan
Hubei,Xianning
Hubei,Xiantao
Hubei,Xiaogan
Hubei,Yichang
Hunan,Changde
Hunan,Changsha
Hunan,Chenzhou
Hunan,Hengyang
Hunan,Huaihua
Hunan,Loudi
Hunan,Shaoyang
Hunan,Xiangtan
Hunan,Xiangxi Tujia and Miao
Hunan,Yiyang
Hunan,Yongzhou
Hunan,Yueyang
Hunan,Zhangjiajie
Hunan,Zhuzhou
Jiangsu,Changzhou
Jiangsu,Huai'an
Jiangsu,Lianyungang
Jiangsu,Nanjing
Jiangsu,Nantong
Jiangsu,Suqian
Jiangsu,Suzhou
Jiangsu,Taizhou
Jiangsu,Wuxi
Jiangsu,Xuzhou
Jiangsu,Yancheng
Jiangsu,Yangzhou
Jiangsu,Zhenjiang
Jiangxi,Fuzhou
Jiangxi,Ganzhou
Jiangxi,Ji'an
Jiangxi,Jingdezhen
Jiangxi,Jiujiang
Jiangxi,Nanchang
Jiangxi,Pingxiang
Jiangxi,Shangrao
Jiangxi,Xinyu
Jiangxi,Yichun
Jiangxi,Yingtan
Jilin,Baicheng
Jilin,Baishan
Jilin,Changchun
Jilin,Jilin
Jilin,Liaoyuan
Jilin,Siping
Jilin,Songyuan
Jilin,Tonghua
Jilin,Yanbian Korean
Liaoning,Anshan
Liaoning,Benxi
Liaoning,Chaoyang
Liaoning,Dalian
Liaoning,Dandong
Liaoning,Fushun
Liaoning,Fuxin
Liaoning,Huludao
Liaoning,Jinzhou
Liaoning,Liaoyang
Liaoning,Panjin
Liaoning,Shenyang
Liaoning,Tieling
Nei Mongol,Alxa
Nei Mongol,Baotou
Nei Mongol,Baynnur
Nei Mongol,Chifeng
Nei Mongol,Hohhot
Nei Mongol,Hulunbuir
Nei Mongol,Ordos
Nei Mongol,Tongliao
Nei Mongol,Ulaan Chab
Nei Mongol,Wuhai
Nei Mongol,Xilin Gol
Nei Mongol,Xing'an
Ningxia Hui,Guyuan
Ningxia Hui,Shizuishan
Ningxia Hui,Wuzhong
Ningxia Hui,Yinchuan
Ningxia Hui,Zhongwei
Qinghai,Golog Tibetan
Qinghai,Gyêgu Tibetan
Qinghai,Haibei Tibetan
Qinghai,Haidong
Qinghai,Hainan Tibetan
Qinghai,Haixi Mongol and Tibetan
Qinghai,Huangnan Tibetan
Qinghai,Xining
Shaanxi,Ankang
Shaanxi,Baoji
Shaanxi,Hanzhong
Shaanxi,Shangluo
Shaanxi,Tongchuan
Shaanxi,Weinan
Shaanxi,Xi'an
Shaanxi,Xianyang
Shaanxi,Yan'an
Shaanxi,Yulin
Shandong,Binzhou
Shandong,Dezhou
Shandong,Dongying
Shandong,Heze
Shandong,Jinan
Shandong,Jining
Shandong,Laiwu
Shandong,Liaocheng
Shandong,Linyi
Shandong,Qingdao
Shandong,Rizhao
Shandong,Tai'an
Shandong,Weifang
Shandong,Weihai
Shandong,Yantai
Shandong,Zaozhuang
Shandong,Zibo
Shanghai,Shanghai
Shanxi,Changzhi
Shanxi,Datong
Shanxi,Jincheng
Shanxi,Jinzhong
Shanxi,Linfen
Shanxi,Luliang
Shanxi,Shuozhou
Shanxi,Taiyuan
Shanxi,Xinzhou
Shanxi,Yangquan
Shanxi,Yuncheng
Sichuan,Bazhong
Sichuan,Chengdu
Sichuan,Dazhou
Sichuan,Deyang
Sichuan,Garzê Tibetan
Sichuan,Guang'an
Sichuan,Guangyuan
Sichuan,Leshan
Sichuan,Liangshan Yi
Sichuan,Luzhou
Sichuan,Meishan
Sichuan,Mianyang
Sichuan,Nanchong
Sichuan,Neijiang
Sichuan,Neijiang]]
Sichuan,Ngawa Tibetan and Qiang
Sichuan,Panzhihua
Sichuan,Suining
Sichuan,Ya'an
Sichuan,Yibin
Sichuan,Zigong
Sichuan,Ziyang
Tianjin,Tianjin
Xinjiang Uygur,Aksu,Xinjiang,akesu
Xinjiang Uygur,Altay,Xinjiang,aertai
Xinjiang Uygur,Bayin'gholin Mongol,Xinjiang,bayinguoleng
Xinjiang Uygur,Börtala Mongol,Xinjiang,boertaila
Xinjiang Uygur,Changji Hui
Xinjiang Uygur,Hami
Xinjiang Uygur,Ili Kazakh,Xinjiang,yili
Xinjiang Uygur,Karamay,
Xinjiang Uygur,Kashgar,Xinjiang,kashi
Xinjiang Uygur,Khotan,
Xinjiang Uygur,Kizilsu Kirghiz,Xinjiang,kezilesu
Xinjiang Uygur,Shihezi
Xinjiang Uygur,Tacheng
Xinjiang Uygur,Turfan,Xinjiang,tufan
Xinjiang Uygur,Ürümqi,Xinjiang,wulumuqi
Xizang,Chamdo
Xizang,Lhasa
Xizang,Nagchu
Xizang,Ngari
Xizang,Nyingtri
Xizang,Shannan
Xizang,Shigatse
Yunnan,Baoshan
Yunnan,Chuxiong Yi
Yunnan,Dali Bai
Yunnan,Dehong Dai and Jingpo
Yunnan,Dêqên Tibetan,Yunnan,Deqin
Yunnan,Honghe Hani and Yi
Yunnan,Kunming
Yunnan,Lijiang
Yunnan,Lincang
Yunnan,Nujiang Lisu
Yunnan,Pu'er
Yunnan,Qujing
Yunnan,Wenshan Zhuang and Miao
Yunnan,Xishuangbanna Dai,Yunnan,Jinghong
Yunnan,Yuxi
Yunnan,Zhaotong
Zhejiang,Hangzhou
Zhejiang,Huzhou
Zhejiang,Jiaxing
Zhejiang,Jinhua
Zhejiang,Lishui
Zhejiang,Ningbo
Zhejiang,Quzhou
Zhejiang,Shaoxing
Zhejiang,Taizhou
Zhejiang,Wenzhou
Zhejiang,Zhoushan
